"Method","H","CI95.H","S","CI95.S","G","CI95.G","Tm_at_0.1mM","CI95.Tm_at_0.1mM","Helix"
"1 individual fits",-55.74,"-56.62 to -54.99",-153.87,"-156.6 to -151.57",-8.01,"-8.05 to -7.98",50.56,"50.44 to 50.67","CGCGCG"
"2 Tm versus ln[Ct]",-55.81,"-56.91 to -54.76",-154.15,"-157.5 to -150.88",-8,"-8.05 to -7.97",50.48,"50.36 to 50.59","CGCGCG"
"3 Global fit",-56.76,"-57.78 to -55.74",-156.94,"-160.05 to -153.74",-8.09,"-8.16 to -8.02",50.76,"50.41 to 51.01","CGCGCG"
"1 individual fits",-56.24,"-58.72 to -53.87",-159.19,"-167.04 to -151.73",-6.86,"-6.93 to -6.79",43.69,"43.38 to 44.05","ACCGGU"
"2 Tm versus ln[Ct]",-58.57,"-60.69 to -56.31",-166.59,"-173.32 to -159.39",-6.9,"-6.96 to -6.87",43.63,"43.41 to 43.86","ACCGGU"
"3 Global fit",-56.57,"-60.57 to -52.81",-160.12,"-173.06 to -148.42",-6.91,"-7.06 to -6.77",43.93,"43.07 to 44.54","ACCGGU"
"1 individual fits",-60.28,"-61.01 to -59.57",-172.79,"-175.09 to -170.53",-6.69,"-6.71 to -6.66",42.3,"42.17 to 42.39","CCAUGG"
"2 Tm versus ln[Ct]",-59.83,"-60.61 to -59.24",-171.35,"-173.84 to -169.48",-6.69,"-6.7 to -6.67",42.33,"42.23 to 42.41","CCAUGG"
"3 Global fit",-59.83,"-61.3 to -58.84",-171.3,"-175.88 to -168.16",-6.7,"-6.75 to -6.67",42.38,"42.27 to 42.53","CCAUGG"
"1 individual fits",-73.43,"-74.24 to -72.37",-219.72,"-222.41 to -216.3",-5.28,"-5.3 to -5.25",35.34,"35.19 to 35.44","GAUAUAUC"
"2 Tm versus ln[Ct]",-63.14,"-64.54 to -62.22",-186.26,"-190.9 to -183.23",-5.37,"-5.4 to -5.33",35.52,"35.36 to 35.62","GAUAUAUC"
"3 Global fit",-73.93,"-78.36 to -71.8",-221.24,"-235.53 to -214.41",-5.31,"-5.34 to -5.27",35.46,"35.27 to 35.6","GAUAUAUC"
"1 individual fits",-77.59,"-79.06 to -76.32",-222.73,"-227.41 to -218.77",-8.51,"-8.56 to -8.46",48.77,"48.62 to 48.88","GCAAUUGC"
"2 Tm versus ln[Ct]",-75.42,"-76.95 to -73.77",-216.03,"-220.85 to -210.88",-8.42,"-8.46 to -8.35",48.69,"48.59 to 48.81","GCAAUUGC"
"3 Global fit",-81.24,"-84.4 to -79.22",-234.1,"-243.97 to -227.86",-8.63,"-8.74 to -8.56",48.71,"48.63 to 48.78","GCAAUUGC"
"1 individual fits",-68.63,"-70.05 to -67.23",-188.65,"-193.07 to -184.22",-10.12,"-10.18 to -10.05",54.12,"53.86 to 54.45","CGAAAGGU/ACCUUUCG"
"2 Tm versus ln[Ct]",-68.01,"-69.91 to -66.25",-186.73,"-192.63 to -181.46",-10.09,"-10.18 to -9.99",54.13,"53.96 to 54.35","CGAAAGGU/ACCUUUCG"
"3 Global fit",-68.01,"-69.88 to -66.38",-186.7,"-192.37 to -181.65",-10.11,"-10.2 to -10.01",54.21,"53.94 to 54.58","CGAAAGGU/ACCUUUCG"
"1 individual fits",-64.04,"-65.07 to -63.18",-176.2,"-179.45 to -173.46",-9.4,"-9.42 to -9.38",51.53,"51.39 to 51.67","CUGAGUC/GACUCAG"
"2 Tm versus ln[Ct]",-64.09,"-65.28 to -63.03",-176.35,"-180.06 to -173.06",-9.39,"-9.43 to -9.36",51.5,"51.36 to 51.61","CUGAGUC/GACUCAG"
"3 Global fit",-63.3,"-64.04 to -62.68",-173.82,"-176.24 to -171.89",-9.39,"-9.44 to -9.35",51.67,"51.4 to 51.86","CUGAGUC/GACUCAG"
"1 individual fits",-56.58,"-57.99 to -55.35",-158.32,"-163.02 to -154.25",-7.47,"-7.53 to -7.42",42.28,"41.87 to 42.63","CGUUGC/GCAACG"
"2 Tm versus ln[Ct]",-56.9,"-59.36 to -54.89",-159.43,"-167.44 to -152.92",-7.45,"-7.49 to -7.41",42.09,"41.72 to 42.42","CGUUGC/GCAACG"
"3 Global fit",-56.53,"-58.22 to -55.35",-158.09,"-163.34 to -154.38",-7.5,"-7.56 to -7.42",42.41,"42.07 to 42.63","CGUUGC/GCAACG"
"1 individual fits",-83.46,"-86.16 to -80.9",-223.79,"-231.9 to -216.13",-14.05,"-14.23 to -13.86",67.71,"67.41 to 67.97","FAMCGAAAGGU/ACCUUUCGBHQ1"
"2 Tm versus ln[Ct]",-81.92,"-85.52 to -79.23",-219.21,"-229.95 to -211.23",-13.93,"-14.21 to -13.72",67.8,"67.52 to 68.04","FAMCGAAAGGU/ACCUUUCGBHQ1"
"3 Global fit",-80.96,"-83.51 to -79.02",-216.49,"-224.35 to -210.73",-13.82,"-14.01 to -13.66",67.69,"67.15 to 68.12","FAMCGAAAGGU/ACCUUUCGBHQ1"
"1 individual fits",-74.83,"-75.98 to -73.58",-197.97,"-201.36 to -194.3",-13.43,"-13.53 to -13.32",68.5,"68.33 to 68.62","FAMCUGAGUC/GACUCAGBHQ1"
"2 Tm versus ln[Ct]",-75.03,"-76.78 to -72.5",-198.56,"-203.74 to -191.07",-13.45,"-13.59 to -13.24",68.5,"68.36 to 68.66","FAMCUGAGUC/GACUCAGBHQ1"
"3 Global fit",-75.4,"-77.03 to -73.01",-199.45,"-204.21 to -192.39",-13.54,"-13.7 to -13.34",68.78,"68.46 to 69.24","FAMCUGAGUC/GACUCAGBHQ1"
"1 individual fits",-58.74,"-61.54 to -56.42",-155.88,"-164.49 to -148.97",-10.39,"-10.55 to -10.24",58.82,"58.52 to 59.38","FAMCGUUGC/GCAACGBHQ1"
"2 Tm versus ln[Ct]",-64.1,"-69.61 to -57.34",-172.29,"-188.97 to -151.27",-10.66,"-10.99 to -10.31",58.39,"58.09 to 59.57","FAMCGUUGC/GCAACGBHQ1"
"3 Global fit",-60.33,"-62.19 to -58.12",-160.73,"-166.23 to -154.12",-10.48,"-10.63 to -10.31",58.7,"58.4 to 58.93","FAMCGUUGC/GCAACGBHQ1"
