Experiment,RNA,Buffer,File,Blank,Wavelength,Source
CROWD_DP5,ACCGGU,20% (w/v) PEG 200 1 M NaCl 20 mM sodium cacodylate 0.5 mM sodium EDTA pH 7.0,MirandaAData\CROWD_DP5\CROWD_DP5_Run1.csv,Sample 1,260,"Nucleic Acids Res., 2019, Vol. 47, No. 7"
CROWD_DP5,ACCGGU,20% (w/v) PEG 200 1 M NaCl 20 mM sodium cacodylate 0.5 mM sodium EDTA pH 7.0,MirandaAData\CROWD_DP5\CROWD_DP5_Run2.csv,Sample 1,260,"Nucleic Acids Res., 2019, Vol. 47, No. 7"
CROWD_DP5,ACCGGU,20% (w/v) PEG 200 1 M NaCl 20 mM sodium cacodylate 0.5 mM sodium EDTA pH 7.0,MirandaAData\CROWD_DP5\CROWD_DP5_Run3.csv,Sample 1,260,"Nucleic Acids Res., 2019, Vol. 47, No. 7"
CROWD_DP9,CCAUGG,20% (w/v) PEG 200 1 M NaCl 20 mM sodium cacodylate 0.5 mM sodium EDTA pH 7.0,MirandaAData\CROWD_DP9\CROWD_DP9_Run1.csv,Sample 1,280,"Nucleic Acids Res., 2019, Vol. 47, No. 7"
CROWD_DP9,CCAUGG,20% (w/v) PEG 200 1 M NaCl 20 mM sodium cacodylate 0.5 mM sodium EDTA pH 7.0,MirandaAData\CROWD_DP9\CROWD_DP9_Run2.csv,Sample 1,280,"Nucleic Acids Res., 2019, Vol. 47, No. 7"
CROWD_DP9,CCAUGG,20% (w/v) PEG 200 1 M NaCl 20 mM sodium cacodylate 0.5 mM sodium EDTA pH 7.0,MirandaAData\CROWD_DP9\CROWD_DP9_Run3.csv,Sample 1,280,"Nucleic Acids Res., 2019, Vol. 47, No. 7"
CROWD_DR1,GAUAUAUC,20% (w/v) PEG 200 1 M NaCl 20 mM sodium cacodylate 0.5 mM sodium EDTA pH 7.0,MirandaAData\CROWD_DR1\CROWD_DR1_Run1.csv,Sample 1,260,"Nucleic Acids Res., 2019, Vol. 47, No. 7"
CROWD_DR1,GAUAUAUC,20% (w/v) PEG 200 1 M NaCl 20 mM sodium cacodylate 0.5 mM sodium EDTA pH 7.0,MirandaAData\CROWD_DR1\CROWD_DR1_Run2.csv,Sample 1,260,"Nucleic Acids Res., 2019, Vol. 47, No. 7"
CROWD_DR1,GAUAUAUC,20% (w/v) PEG 200 1 M NaCl 20 mM sodium cacodylate 0.5 mM sodium EDTA pH 7.0,MirandaAData\CROWD_DR1\CROWD_DR1_Run3.csv,Sample 1,260,"Nucleic Acids Res., 2019, Vol. 47, No. 7"
CROWD_DR5,GCAAUUGC,20% (w/v) PEG 200 1 M NaCl 20 mM sodium cacodylate 0.5 mM sodium EDTA pH 7.0,MirandaAData\CROWD_DR5\CROWD_DR5_Run1.csv,Sample 1,280,"Nucleic Acids Res., 2019, Vol. 47, No. 7"
CROWD_DR5,GCAAUUGC,20% (w/v) PEG 200 1 M NaCl 20 mM sodium cacodylate 0.5 mM sodium EDTA pH 7.0,MirandaAData\CROWD_DR5\CROWD_DR5_Run2.csv,Sample 1,280,"Nucleic Acids Res., 2019, Vol. 47, No. 7"
CROWD_DR5,GCAAUUGC,20% (w/v) PEG 200 1 M NaCl 20 mM sodium cacodylate 0.5 mM sodium EDTA pH 7.0,MirandaAData\CROWD_DR5\CROWD_DR5_Run3.csv,Sample 1,280,"Nucleic Acids Res., 2019, Vol. 47, No. 7"
CROWD_DR17,UAUAUAUA,20% (w/v) PEG 200 1 M NaCl 20 mM sodium cacodylate 0.5 mM sodium EDTA pH 7.0,MirandaAData\CROWD_DR17\CROWD_DR17_Run1.csv,Sample 1,260,"Nucleic Acids Res., 2019, Vol. 47, No. 7"
CROWD_DR17,UAUAUAUA,20% (w/v) PEG 200 1 M NaCl 20 mM sodium cacodylate 0.5 mM sodium EDTA pH 7.0,MirandaAData\CROWD_DR17\CROWD_DR17_Run2.csv,Sample 1,260,"Nucleic Acids Res., 2019, Vol. 47, No. 7"
CROWD_DR17,UAUAUAUA,20% (w/v) PEG 200 1 M NaCl 20 mM sodium cacodylate 0.5 mM sodium EDTA pH 7.0,MirandaAData\CROWD_DR17\CROWD_DR17_Run3.csv,Sample 1,260,"Nucleic Acids Res., 2019, Vol. 47, No. 7"
