Experiment,RNA,Buffer,File,Cell,Blank,Pathlength,Wavelength,Source
CROWD DP1,CGCGCG,20% PEG 200 1 M NaCl 20 mM sodium cacodylate 0.5 mM sodium EDTA pH 7.0,CROWD_DP1/CROWD_DP1_Run1.csv,Cell 1,Cell 1,1,280,"Nucleic acids research 2019 V47, N7."
CROWD DP1,CGCGCG,20% PEG 200 1 M NaCl 20 mM sodium cacodylate 0.5 mM sodium EDTA pH 7.1,CROWD_DP1/CROWD_DP1_Run1.csv,Cell 2,Cell 1,0.1,280,"Nucleic acids research 2019 V47, N7."
CROWD DP1,CGCGCG,20% PEG 200 1 M NaCl 20 mM sodium cacodylate 0.5 mM sodium EDTA pH 7.2,CROWD_DP1/CROWD_DP1_Run1.csv,Cell 3,Cell 1,0.5,280,"Nucleic acids research 2019 V47, N7."
CROWD DP1,CGCGCG,20% PEG 200 1 M NaCl 20 mM sodium cacodylate 0.5 mM sodium EDTA pH 7.3,CROWD_DP1/CROWD_DP1_Run1.csv,Cell 4,Cell 1,1,280,"Nucleic acids research 2019 V47, N7."
CROWD DP1,CGCGCG,20% PEG 200 1 M NaCl 20 mM sodium cacodylate 0.5 mM sodium EDTA pH 7.4,CROWD_DP1/CROWD_DP1_Run2.csv,Cell 1,Cell 1,1,280,"Nucleic acids research 2019 V47, N7."
CROWD DP1,CGCGCG,20% PEG 200 1 M NaCl 20 mM sodium cacodylate 0.5 mM sodium EDTA pH 7.5,CROWD_DP1/CROWD_DP1_Run2.csv,Cell 2,Cell 1,0.1,280,"Nucleic acids research 2019 V47, N7."
CROWD DP1,CGCGCG,20% PEG 200 1 M NaCl 20 mM sodium cacodylate 0.5 mM sodium EDTA pH 7.6,CROWD_DP1/CROWD_DP1_Run2.csv,Cell 3,Cell 1,0.5,280,"Nucleic acids research 2019 V47, N7."
CROWD DP1,CGCGCG,20% PEG 200 1 M NaCl 20 mM sodium cacodylate 0.5 mM sodium EDTA pH 7.7,CROWD_DP1/CROWD_DP1_Run2.csv,Cell 4,Cell 1,1,280,"Nucleic acids research 2019 V47, N7."
CROWD DP1,CGCGCG,20% PEG 200 1 M NaCl 20 mM sodium cacodylate 0.5 mM sodium EDTA pH 7.8,CROWD_DP1/CROWD_DP1_Run3.csv,Cell 1,Cell 1,1,280,"Nucleic acids research 2019 V47, N7."
CROWD DP1,CGCGCG,20% PEG 200 1 M NaCl 20 mM sodium cacodylate 0.5 mM sodium EDTA pH 7.9,CROWD_DP1/CROWD_DP1_Run3.csv,Cell 2,Cell 1,0.1,280,"Nucleic acids research 2019 V47, N7."
CROWD DP1,CGCGCG,20% PEG 200 1 M NaCl 20 mM sodium cacodylate 0.5 mM sodium EDTA pH 7.10,CROWD_DP1/CROWD_DP1_Run3.csv,Cell 3,Cell 1,0.5,280,"Nucleic acids research 2019 V47, N7."
CROWD DP1,CGCGCG,20% PEG 200 1 M NaCl 20 mM sodium cacodylate 0.5 mM sodium EDTA pH 7.11,CROWD_DP1/CROWD_DP1_Run3.csv,Cell 4,Cell 1,1,280,"Nucleic acids research 2019 V47, N7."
CROWD DP5,ACCGGU,20% PEG 200 1 M NaCl 20 mM sodium cacodylate 0.5 mM sodium EDTA pH 7.0,CROWD_DP5/RawData/CROWD_DP5_Run1a.csv,Cell 1,Cell 1,1,260,"Nucleic acids research 2019 V47, N7."
CROWD DP5,ACCGGU,20% PEG 200 1 M NaCl 20 mM sodium cacodylate 0.5 mM sodium EDTA pH 7.0,CROWD_DP5/RawData/CROWD_DP5_Run1a.csv,Cell 2,Cell 1,0.1,260,"Nucleic acids research 2019 V47, N7."
CROWD DP5,ACCGGU,20% PEG 200 1 M NaCl 20 mM sodium cacodylate 0.5 mM sodium EDTA pH 7.0,CROWD_DP5/RawData/CROWD_DP5_Run1a.csv,Cell 3,Cell 1,0.5,260,"Nucleic acids research 2019 V47, N7."
CROWD DP5,ACCGGU,20% PEG 200 1 M NaCl 20 mM sodium cacodylate 0.5 mM sodium EDTA pH 7.0,CROWD_DP5/RawData/CROWD_DP5_Run1a.csv,Cell 4,Cell 1,1,260,"Nucleic acids research 2019 V47, N7."
CROWD DP5,ACCGGU,20% PEG 200 1 M NaCl 20 mM sodium cacodylate 0.5 mM sodium EDTA pH 7.0,CROWD_DP5/RawData/CROWD_DP5_Run2.csv,Cell 1,Cell 1,1,260,"Nucleic acids research 2019 V47, N7."
CROWD DP5,ACCGGU,20% PEG 200 1 M NaCl 20 mM sodium cacodylate 0.5 mM sodium EDTA pH 7.0,CROWD_DP5/RawData/CROWD_DP5_Run2.csv,Cell 2,Cell 1,0.1,260,"Nucleic acids research 2019 V47, N7."
CROWD DP5,ACCGGU,20% PEG 200 1 M NaCl 20 mM sodium cacodylate 0.5 mM sodium EDTA pH 7.0,CROWD_DP5/RawData/CROWD_DP5_Run2.csv,Cell 3,Cell 1,0.5,260,"Nucleic acids research 2019 V47, N7."
CROWD DP5,ACCGGU,20% PEG 200 1 M NaCl 20 mM sodium cacodylate 0.5 mM sodium EDTA pH 7.0,CROWD_DP5/RawData/CROWD_DP5_Run2.csv,Cell 4,Cell 1,1,260,"Nucleic acids research 2019 V47, N7."
CROWD DP5,ACCGGU,20% PEG 200 1 M NaCl 20 mM sodium cacodylate 0.5 mM sodium EDTA pH 7.0,CROWD_DP5/RawData/CROWD_DP5_Run3.csv,Cell 1,Cell 1,1,260,"Nucleic acids research 2019 V47, N7."
CROWD DP5,ACCGGU,20% PEG 200 1 M NaCl 20 mM sodium cacodylate 0.5 mM sodium EDTA pH 7.0,CROWD_DP5/RawData/CROWD_DP5_Run3.csv,Cell 2,Cell 1,0.1,260,"Nucleic acids research 2019 V47, N7."
CROWD DP5,ACCGGU,20% PEG 200 1 M NaCl 20 mM sodium cacodylate 0.5 mM sodium EDTA pH 7.0,CROWD_DP5/RawData/CROWD_DP5_Run3.csv,Cell 3,Cell 1,0.5,260,"Nucleic acids research 2019 V47, N7."
CROWD DP5,ACCGGU,20% PEG 200 1 M NaCl 20 mM sodium cacodylate 0.5 mM sodium EDTA pH 7.0,CROWD_DP5/RawData/CROWD_DP5_Run3.csv,Cell 4,Cell 1,1,260,"Nucleic acids research 2019 V47, N7."
CROWD_DP9,CCAUGG,20% PEG 200 1 M NaCl 20 mM sodium cacodylate 0.5 mM sodium EDTA pH 7.0,CROWD_DP9/RawData/CROWD_DP9_Run1.csv,Cell 1,Cell 1,1,280,"Nucleic acids research 2019 V47, N7."
CROWD_DP9,CCAUGG,20% PEG 200 1 M NaCl 20 mM sodium cacodylate 0.5 mM sodium EDTA pH 7.0,CROWD_DP9/RawData/CROWD_DP9_Run1.csv,Cell 2,Cell 1,0.1,280,"Nucleic acids research 2019 V47, N7."
CROWD_DP9,CCAUGG,20% PEG 200 1 M NaCl 20 mM sodium cacodylate 0.5 mM sodium EDTA pH 7.0,CROWD_DP9/RawData/CROWD_DP9_Run1.csv,Cell 3,Cell 1,0.5,280,"Nucleic acids research 2019 V47, N7."
CROWD_DP9,CCAUGG,20% PEG 200 1 M NaCl 20 mM sodium cacodylate 0.5 mM sodium EDTA pH 7.0,CROWD_DP9/RawData/CROWD_DP9_Run1.csv,Cell 4,Cell 1,1,280,"Nucleic acids research 2019 V47, N7."
CROWD_DP9,CCAUGG,20% PEG 200 1 M NaCl 20 mM sodium cacodylate 0.5 mM sodium EDTA pH 7.0,CROWD_DP9/RawData/CROWD_DP9_Run2.csv,Cell 1,Cell 1,1,280,"Nucleic acids research 2019 V47, N7."
CROWD_DP9,CCAUGG,20% PEG 200 1 M NaCl 20 mM sodium cacodylate 0.5 mM sodium EDTA pH 7.0,CROWD_DP9/RawData/CROWD_DP9_Run2.csv,Cell 2,Cell 1,0.1,280,"Nucleic acids research 2019 V47, N7."
CROWD_DP9,CCAUGG,20% PEG 200 1 M NaCl 20 mM sodium cacodylate 0.5 mM sodium EDTA pH 7.0,CROWD_DP9/RawData/CROWD_DP9_Run2.csv,Cell 3,Cell 1,0.5,280,"Nucleic acids research 2019 V47, N7."
CROWD_DP9,CCAUGG,20% PEG 200 1 M NaCl 20 mM sodium cacodylate 0.5 mM sodium EDTA pH 7.0,CROWD_DP9/RawData/CROWD_DP9_Run2.csv,Cell 4,Cell 1,1,280,"Nucleic acids research 2019 V47, N7."
CROWD_DP9,CCAUGG,20% PEG 200 1 M NaCl 20 mM sodium cacodylate 0.5 mM sodium EDTA pH 7.0,CROWD_DP9/RawData/CROWD_DP9_Run3.csv,Cell 1,Cell 1,1,280,"Nucleic acids research 2019 V47, N7."
CROWD_DP9,CCAUGG,20% PEG 200 1 M NaCl 20 mM sodium cacodylate 0.5 mM sodium EDTA pH 7.0,CROWD_DP9/RawData/CROWD_DP9_Run3.csv,Cell 2,Cell 1,0.1,280,"Nucleic acids research 2019 V47, N7."
CROWD_DP9,CCAUGG,20% PEG 200 1 M NaCl 20 mM sodium cacodylate 0.5 mM sodium EDTA pH 7.0,CROWD_DP9/RawData/CROWD_DP9_Run3.csv,Cell 3,Cell 1,0.5,280,"Nucleic acids research 2019 V47, N7."
CROWD_DP9,CCAUGG,20% PEG 200 1 M NaCl 20 mM sodium cacodylate 0.5 mM sodium EDTA pH 7.0,CROWD_DP9/RawData/CROWD_DP9_Run3.csv,Cell 4,Cell 1,1,280,"Nucleic acids research 2019 V47, N7."
CROWD_DR1,GAUAUAUC,20% PEG 200 1 M NaCl 20 mM sodium cacodylate 0.5 mM sodium EDTA pH 7.0,CROWD_DR1/RawData/CROWD_DR1_Run1.csv,Cell 1,Cell 1,1,260,"Nucleic acids research 2019 V47, N7."
CROWD_DR1,GAUAUAUC,20% PEG 200 1 M NaCl 20 mM sodium cacodylate 0.5 mM sodium EDTA pH 7.0,CROWD_DR1/RawData/CROWD_DR1_Run1.csv,Cell 2,Cell 1,0.1,260,"Nucleic acids research 2019 V47, N7."
CROWD_DR1,GAUAUAUC,20% PEG 200 1 M NaCl 20 mM sodium cacodylate 0.5 mM sodium EDTA pH 7.0,CROWD_DR1/RawData/CROWD_DR1_Run1.csv,Cell 3,Cell 1,0.5,260,"Nucleic acids research 2019 V47, N7."
CROWD_DR1,GAUAUAUC,20% PEG 200 1 M NaCl 20 mM sodium cacodylate 0.5 mM sodium EDTA pH 7.0,CROWD_DR1/RawData/CROWD_DR1_Run1.csv,Cell 4,Cell 1,1,260,"Nucleic acids research 2019 V47, N7."
CROWD_DR1,GAUAUAUC,20% PEG 200 1 M NaCl 20 mM sodium cacodylate 0.5 mM sodium EDTA pH 7.0,CROWD_DR1/RawData/CROWD_DR1_Run2.csv,Cell 1,Cell 1,1,260,"Nucleic acids research 2019 V47, N7."
CROWD_DR1,GAUAUAUC,20% PEG 200 1 M NaCl 20 mM sodium cacodylate 0.5 mM sodium EDTA pH 7.0,CROWD_DR1/RawData/CROWD_DR1_Run2.csv,Cell 2,Cell 1,0.1,260,"Nucleic acids research 2019 V47, N7."
CROWD_DR1,GAUAUAUC,20% PEG 200 1 M NaCl 20 mM sodium cacodylate 0.5 mM sodium EDTA pH 7.0,CROWD_DR1/RawData/CROWD_DR1_Run2.csv,Cell 3,Cell 1,0.5,260,"Nucleic acids research 2019 V47, N7."
CROWD_DR1,GAUAUAUC,20% PEG 200 1 M NaCl 20 mM sodium cacodylate 0.5 mM sodium EDTA pH 7.0,CROWD_DR1/RawData/CROWD_DR1_Run2.csv,Cell 4,Cell 1,1,260,"Nucleic acids research 2019 V47, N7."
CROWD_DR1,GAUAUAUC,20% PEG 200 1 M NaCl 20 mM sodium cacodylate 0.5 mM sodium EDTA pH 7.0,CROWD_DR1/RawData/CROWD_DR1_Run3.csv,Cell 1,Cell 1,1,260,"Nucleic acids research 2019 V47, N7."
CROWD_DR1,GAUAUAUC,20% PEG 200 1 M NaCl 20 mM sodium cacodylate 0.5 mM sodium EDTA pH 7.0,CROWD_DR1/RawData/CROWD_DR1_Run3.csv,Cell 2,Cell 1,0.1,260,"Nucleic acids research 2019 V47, N7."
CROWD_DR1,GAUAUAUC,20% PEG 200 1 M NaCl 20 mM sodium cacodylate 0.5 mM sodium EDTA pH 7.0,CROWD_DR1/RawData/CROWD_DR1_Run3.csv,Cell 3,Cell 1,0.5,260,"Nucleic acids research 2019 V47, N7."
CROWD_DR1,GAUAUAUC,20% PEG 200 1 M NaCl 20 mM sodium cacodylate 0.5 mM sodium EDTA pH 7.0,CROWD_DR1/RawData/CROWD_DR1_Run3.csv,Cell 4,Cell 1,1,260,"Nucleic acids research 2019 V47, N7."
CROWD_DR5,GCAAUUGC,20% PEG 200 1 M NaCl 20 mM sodium cacodylate 0.5 mM sodium EDTA pH 7.0,CROWD_DR5/RawData/CROWD_DR5_Run1.csv,Cell 1,Cell 1,1,280,"Nucleic acids research 2019 V47, N7."
CROWD_DR5,GCAAUUGC,20% PEG 200 1 M NaCl 20 mM sodium cacodylate 0.5 mM sodium EDTA pH 7.0,CROWD_DR5/RawData/CROWD_DR5_Run1.csv,Cell 2,Cell 1,0.1,280,"Nucleic acids research 2019 V47, N7."
CROWD_DR5,GCAAUUGC,20% PEG 200 1 M NaCl 20 mM sodium cacodylate 0.5 mM sodium EDTA pH 7.0,CROWD_DR5/RawData/CROWD_DR5_Run1.csv,Cell 3,Cell 1,0.5,280,"Nucleic acids research 2019 V47, N7."
CROWD_DR5,GCAAUUGC,20% PEG 200 1 M NaCl 20 mM sodium cacodylate 0.5 mM sodium EDTA pH 7.0,CROWD_DR5/RawData/CROWD_DR5_Run1.csv,Cell 4,Cell 1,1,280,"Nucleic acids research 2019 V47, N7."
CROWD_DR5,GCAAUUGC,20% PEG 200 1 M NaCl 20 mM sodium cacodylate 0.5 mM sodium EDTA pH 7.0,CROWD_DR5/RawData/CROWD_DR5_Run2.csv,Cell 1,Cell 1,1,280,"Nucleic acids research 2019 V47, N7."
CROWD_DR5,GCAAUUGC,20% PEG 200 1 M NaCl 20 mM sodium cacodylate 0.5 mM sodium EDTA pH 7.0,CROWD_DR5/RawData/CROWD_DR5_Run2.csv,Cell 2,Cell 1,0.1,280,"Nucleic acids research 2019 V47, N7."
CROWD_DR5,GCAAUUGC,20% PEG 200 1 M NaCl 20 mM sodium cacodylate 0.5 mM sodium EDTA pH 7.0,CROWD_DR5/RawData/CROWD_DR5_Run2.csv,Cell 3,Cell 1,0.5,280,"Nucleic acids research 2019 V47, N7."
CROWD_DR5,GCAAUUGC,20% PEG 200 1 M NaCl 20 mM sodium cacodylate 0.5 mM sodium EDTA pH 7.0,CROWD_DR5/RawData/CROWD_DR5_Run2.csv,Cell 4,Cell 1,1,280,"Nucleic acids research 2019 V47, N7."
CROWD_DR5,GCAAUUGC,20% PEG 200 1 M NaCl 20 mM sodium cacodylate 0.5 mM sodium EDTA pH 7.0,CROWD_DR5/RawData/CROWD_DR5_Run3.csv,Cell 1,Cell 1,1,280,"Nucleic acids research 2019 V47, N7."
CROWD_DR5,GCAAUUGC,20% PEG 200 1 M NaCl 20 mM sodium cacodylate 0.5 mM sodium EDTA pH 7.0,CROWD_DR5/RawData/CROWD_DR5_Run3.csv,Cell 2,Cell 1,0.1,280,"Nucleic acids research 2019 V47, N7."
CROWD_DR5,GCAAUUGC,20% PEG 200 1 M NaCl 20 mM sodium cacodylate 0.5 mM sodium EDTA pH 7.0,CROWD_DR5/RawData/CROWD_DR5_Run3.csv,Cell 3,Cell 1,0.5,280,"Nucleic acids research 2019 V47, N7."
CROWD_DR5,GCAAUUGC,20% PEG 200 1 M NaCl 20 mM sodium cacodylate 0.5 mM sodium EDTA pH 7.0,CROWD_DR5/RawData/CROWD_DR5_Run3.csv,Cell 4,Cell 1,1,280,"Nucleic acids research 2019 V47, N7."
CROWD_DR17,UAUAUAUA,20% PEG 200 1 M NaCl 20 mM sodium cacodylate 0.5 mM sodium EDTA pH 7.0,CROWD_DR17/RawData/CROWD_DR17_Run1.csv,Cell 1,Cell 1,1,260,"Nucleic acids research 2019 V47, N7."
CROWD_DR17,UAUAUAUA,20% PEG 200 1 M NaCl 20 mM sodium cacodylate 0.5 mM sodium EDTA pH 7.0,CROWD_DR17/RawData/CROWD_DR17_Run1.csv,Cell 2,Cell 1,0.1,260,"Nucleic acids research 2019 V47, N7."
CROWD_DR17,UAUAUAUA,20% PEG 200 1 M NaCl 20 mM sodium cacodylate 0.5 mM sodium EDTA pH 7.0,CROWD_DR17/RawData/CROWD_DR17_Run1.csv,Cell 3,Cell 1,0.5,260,"Nucleic acids research 2019 V47, N7."
CROWD_DR17,UAUAUAUA,20% PEG 200 1 M NaCl 20 mM sodium cacodylate 0.5 mM sodium EDTA pH 7.0,CROWD_DR17/RawData/CROWD_DR17_Run1.csv,Cell 4,Cell 1,1,260,"Nucleic acids research 2019 V47, N7."
CROWD_DR17,UAUAUAUA,20% PEG 200 1 M NaCl 20 mM sodium cacodylate 0.5 mM sodium EDTA pH 7.0,CROWD_DR17/RawData/CROWD_DR17_Run2.csv,Cell 1,Cell 1,1,260,"Nucleic acids research 2019 V47, N7."
CROWD_DR17,UAUAUAUA,20% PEG 200 1 M NaCl 20 mM sodium cacodylate 0.5 mM sodium EDTA pH 7.0,CROWD_DR17/RawData/CROWD_DR17_Run2.csv,Cell 2,Cell 1,0.1,260,"Nucleic acids research 2019 V47, N7."
CROWD_DR17,UAUAUAUA,20% PEG 200 1 M NaCl 20 mM sodium cacodylate 0.5 mM sodium EDTA pH 7.0,CROWD_DR17/RawData/CROWD_DR17_Run2.csv,Cell 3,Cell 1,0.5,260,"Nucleic acids research 2019 V47, N7."
CROWD_DR17,UAUAUAUA,20% PEG 200 1 M NaCl 20 mM sodium cacodylate 0.5 mM sodium EDTA pH 7.0,CROWD_DR17/RawData/CROWD_DR17_Run2.csv,Cell 4,Cell 1,1,260,"Nucleic acids research 2019 V47, N7."
CROWD_DR17,UAUAUAUA,20% PEG 200 1 M NaCl 20 mM sodium cacodylate 0.5 mM sodium EDTA pH 7.0,CROWD_DR17/RawData/CROWD_DR17_Run3.csv,Cell 1,Cell 1,1,260,"Nucleic acids research 2019 V47, N7."
CROWD_DR17,UAUAUAUA,20% PEG 200 1 M NaCl 20 mM sodium cacodylate 0.5 mM sodium EDTA pH 7.0,CROWD_DR17/RawData/CROWD_DR17_Run3.csv,Cell 2,Cell 1,0.1,260,"Nucleic acids research 2019 V47, N7."
CROWD_DR17,UAUAUAUA,20% PEG 200 1 M NaCl 20 mM sodium cacodylate 0.5 mM sodium EDTA pH 7.0,CROWD_DR17/RawData/CROWD_DR17_Run3.csv,Cell 3,Cell 1,0.5,260,"Nucleic acids research 2019 V47, N7."
CROWD_DR17,UAUAUAUA,20% PEG 200 1 M NaCl 20 mM sodium cacodylate 0.5 mM sodium EDTA pH 7.0,CROWD_DR17/RawData/CROWD_DR17_Run3.csv,Cell 4,Cell 1,1,260,"Nucleic acids research 2019 V47, N7."
HP4AP2,GCCGUGAGGC,1 M NaCl 20 mM sodium cacodylate 0.5 mM disodium EDTA pH 7.0,HP4AP2/RawData/hp4ap2s Melt 1 021407.csv,Cell 2,None,0.1,280,"RNA, 2010, Vol. 16, No. 2"
HP4AP2,GCCGUGAGGC,1 M NaCl 20 mM sodium cacodylate 0.5 mM disodium EDTA pH 7.0,HP4AP2/RawData/hp4ap2s Melt 1 021407.csv,Cell 3,None,0.5,280,"RNA, 2010, Vol. 16, No. 2"
HP4AP2,GCCGUGAGGC,1 M NaCl 20 mM sodium cacodylate 0.5 mM disodium EDTA pH 7.0,HP4AP2/RawData/hp4ap2s Melt 1 021407.csv,Cell 4,None,1,280,"RNA, 2010, Vol. 16, No. 2"
HP4AP2,GCCGUGAGGC,1 M NaCl 20 mM sodium cacodylate 0.5 mM disodium EDTA pH 7.0,HP4AP2/RawData/hp4ap2s Melt 2 021507.csv,Cell 2,None,0.1,280,"RNA, 2010, Vol. 16, No. 2"
HP4AP2,GCCGUGAGGC,1 M NaCl 20 mM sodium cacodylate 0.5 mM disodium EDTA pH 7.0,HP4AP2/RawData/hp4ap2s Melt 2 021507.csv,Cell 3,None,0.5,280,"RNA, 2010, Vol. 16, No. 2"
HP4AP2,GCCGUGAGGC,1 M NaCl 20 mM sodium cacodylate 0.5 mM disodium EDTA pH 7.0,HP4AP2/RawData/hp4ap2s Melt 2 021507.csv,Cell 4,None,1,280,"RNA, 2010, Vol. 16, No. 2"
HP4AP2,GCCGUGAGGC,1 M NaCl 20 mM sodium cacodylate 0.5 mM disodium EDTA pH 7.0,HP4AP2/RawData/hp4ap2s Melt 3 021607.csv,Cell 2,None,0.1,280,"RNA, 2010, Vol. 16, No. 2"
HP4AP2,GCCGUGAGGC,1 M NaCl 20 mM sodium cacodylate 0.5 mM disodium EDTA pH 7.0,HP4AP2/RawData/hp4ap2s Melt 3 021607.csv,Cell 3,None,0.5,280,"RNA, 2010, Vol. 16, No. 2"
HP4AP2,GCCGUGAGGC,1 M NaCl 20 mM sodium cacodylate 0.5 mM disodium EDTA pH 7.0,HP4AP2/RawData/hp4ap2s Melt 3 021607.csv,Cell 4,None,1,280,"RNA, 2010, Vol. 16, No. 2"
HP4AP3,GCCUUCGGGC,1 M NaCl 20 mM sodium cacodylate 0.5 mM disodium EDTA pH 7.0,HP4AP3/RawData/hp4ap3s Melt 1 022007.csv,Cell 2,None,0.1,280,"RNA, 2010, Vol. 16, No. 2"
HP4AP3,GCCUUCGGGC,1 M NaCl 20 mM sodium cacodylate 0.5 mM disodium EDTA pH 7.0,HP4AP3/RawData/hp4ap3s Melt 1 022007.csv,Cell 3,None,0.5,280,"RNA, 2010, Vol. 16, No. 2"
HP4AP3,GCCUUCGGGC,1 M NaCl 20 mM sodium cacodylate 0.5 mM disodium EDTA pH 7.0,HP4AP3/RawData/hp4ap3s Melt 1 022007.csv,Cell 4,None,1,280,"RNA, 2010, Vol. 16, No. 2"
HP4AP3,GCCUUCGGGC,1 M NaCl 20 mM sodium cacodylate 0.5 mM disodium EDTA pH 7.0,HP4AP3/RawData/hp4ap3s Melt 2 022007.csv,Cell 2,None,0.1,280,"RNA, 2010, Vol. 16, No. 2"
HP4AP3,GCCUUCGGGC,1 M NaCl 20 mM sodium cacodylate 0.5 mM disodium EDTA pH 7.0,HP4AP3/RawData/hp4ap3s Melt 2 022007.csv,Cell 3,None,0.5,280,"RNA, 2010, Vol. 16, No. 2"
HP4AP3,GCCUUCGGGC,1 M NaCl 20 mM sodium cacodylate 0.5 mM disodium EDTA pH 7.0,HP4AP3/RawData/hp4ap3s Melt 2 022007.csv,Cell 4,None,1,280,"RNA, 2010, Vol. 16, No. 2"
HP4AP3,GCCUUCGGGC,1 M NaCl 20 mM sodium cacodylate 0.5 mM disodium EDTA pH 7.0,HP4AP3/RawData/hp4ap3s Melt 2 022007_AD.csv,Cell 2,None,0.1,280,"RNA, 2010, Vol. 16, No. 2"
HP4AP3,GCCUUCGGGC,1 M NaCl 20 mM sodium cacodylate 0.5 mM disodium EDTA pH 7.0,HP4AP3/RawData/hp4ap3s Melt 2 022007_AD.csv,Cell 3,None,0.5,280,"RNA, 2010, Vol. 16, No. 2"
HP4AP3,GCCUUCGGGC,1 M NaCl 20 mM sodium cacodylate 0.5 mM disodium EDTA pH 7.0,HP4AP3/RawData/hp4ap3s Melt 2 022007_AD.csv,Cell 4,None,1,280,"RNA, 2010, Vol. 16, No. 2"
HP4AP8,GCGGCAACGC,1 M NaCl 20 mM sodium cacodylate 0.5 mM disodium EDTA pH 7.0,HP4AP8/RawData/hp4ap8 Melt 1 121206.csv,Cell 2,None,0.1,280,"RNA, 2010, Vol. 16, No. 2"
HP4AP8,GCGGCAACGC,1 M NaCl 20 mM sodium cacodylate 0.5 mM disodium EDTA pH 7.0,HP4AP8/RawData/hp4ap8 Melt 1 121206.csv,Cell 3,None,0.5,280,"RNA, 2010, Vol. 16, No. 2"
HP4AP8,GCGGCAACGC,1 M NaCl 20 mM sodium cacodylate 0.5 mM disodium EDTA pH 7.0,HP4AP8/RawData/hp4ap8 Melt 1 121206.csv,Cell 4,None,1,280,"RNA, 2010, Vol. 16, No. 2"
HP4AP8,GCGGCAACGC,1 M NaCl 20 mM sodium cacodylate 0.5 mM disodium EDTA pH 7.0,HP4AP8/RawData/hp4ap8 Melt 2 121206.csv,Cell 2,None,0.1,280,"RNA, 2010, Vol. 16, No. 2"
HP4AP8,GCGGCAACGC,1 M NaCl 20 mM sodium cacodylate 0.5 mM disodium EDTA pH 7.0,HP4AP8/RawData/hp4ap8 Melt 2 121206.csv,Cell 3,None,0.5,280,"RNA, 2010, Vol. 16, No. 2"
HP4AP8,GCGGCAACGC,1 M NaCl 20 mM sodium cacodylate 0.5 mM disodium EDTA pH 7.0,HP4AP8/RawData/hp4ap8 Melt 2 121206.csv,Cell 4,None,1,280,"RNA, 2010, Vol. 16, No. 2"
HP4AP8,GCGGCAACGC,1 M NaCl 20 mM sodium cacodylate 0.5 mM disodium EDTA pH 7.0,HP4AP8/RawData/hp4ap8 Melt 3.csv,Cell 2,None,0.1,280,"RNA, 2010, Vol. 16, No. 2"
HP4AP8,GCGGCAACGC,1 M NaCl 20 mM sodium cacodylate 0.5 mM disodium EDTA pH 7.0,HP4AP8/RawData/hp4ap8 Melt 3.csv,Cell 3,None,0.5,280,"RNA, 2010, Vol. 16, No. 2"
HP4AP8,GCGGCAACGC,1 M NaCl 20 mM sodium cacodylate 0.5 mM disodium EDTA pH 7.0,HP4AP8/RawData/hp4ap8 Melt 3.csv,Cell 4,None,1,280,"RNA, 2010, Vol. 16, No. 2"
HP4AP14,GCUGAAAGGC,1 M NaCl 20 mM sodium cacodylate 0.5 mM disodium EDTA pH 7.0,HP4AP14s/RawData/hp4ap14s Melt 1 043007.csv,Cell 2,None,0.1,280,"RNA, 2010, Vol. 16, No. 2"
HP4AP14,GCUGAAAGGC,1 M NaCl 20 mM sodium cacodylate 0.5 mM disodium EDTA pH 7.0,HP4AP14s/RawData/hp4ap14s Melt 1 043007.csv,Cell 3,None,0.5,280,"RNA, 2010, Vol. 16, No. 2"
HP4AP14,GCUGAAAGGC,1 M NaCl 20 mM sodium cacodylate 0.5 mM disodium EDTA pH 7.0,HP4AP14s/RawData/hp4ap14s Melt 1 043007.csv,Cell 4,None,1,280,"RNA, 2010, Vol. 16, No. 2"
HP4AP14,GCUGAAAGGC,1 M NaCl 20 mM sodium cacodylate 0.5 mM disodium EDTA pH 7.0,HP4AP14s/RawData/hp4ap14s Melt 2 043007.csv,Cell 2,None,0.1,280,"RNA, 2010, Vol. 16, No. 2"
HP4AP14,GCUGAAAGGC,1 M NaCl 20 mM sodium cacodylate 0.5 mM disodium EDTA pH 7.0,HP4AP14s/RawData/hp4ap14s Melt 2 043007.csv,Cell 3,None,0.5,280,"RNA, 2010, Vol. 16, No. 2"
HP4AP14,GCUGAAAGGC,1 M NaCl 20 mM sodium cacodylate 0.5 mM disodium EDTA pH 7.0,HP4AP14s/RawData/hp4ap14s Melt 2 043007.csv,Cell 4,None,1,280,"RNA, 2010, Vol. 16, No. 2"
HP4AP14,GCUGAAAGGC,1 M NaCl 20 mM sodium cacodylate 0.5 mM disodium EDTA pH 7.0,HP4AP14s/RawData/hp4ap14s Melt 3 043007.csv,Cell 2,None,0.1,280,"RNA, 2010, Vol. 16, No. 2"
HP4AP14,GCUGAAAGGC,1 M NaCl 20 mM sodium cacodylate 0.5 mM disodium EDTA pH 7.0,HP4AP14s/RawData/hp4ap14s Melt 3 043007.csv,Cell 3,None,0.5,280,"RNA, 2010, Vol. 16, No. 2"
HP4AP14,GCUGAAAGGC,1 M NaCl 20 mM sodium cacodylate 0.5 mM disodium EDTA pH 7.0,HP4AP14s/RawData/hp4ap14s Melt 3 043007.csv,Cell 4,None,1,280,"RNA, 2010, Vol. 16, No. 2"
HP4AP18,GCUGAGAGGC,1 M NaCl 20 mM sodium cacodylate 0.5 mM disodium EDTA pH 7.0,HP4AP18s/RawData/hp4ap18s Melt 1 091007.csv,Cell 2,None,0.1,280,"RNA, 2010, Vol. 16, No. 2"
HP4AP18,GCUGAGAGGC,1 M NaCl 20 mM sodium cacodylate 0.5 mM disodium EDTA pH 7.0,HP4AP18s/RawData/hp4ap18s Melt 1 091007.csv,Cell 3,None,0.5,280,"RNA, 2010, Vol. 16, No. 2"
HP4AP18,GCUGAGAGGC,1 M NaCl 20 mM sodium cacodylate 0.5 mM disodium EDTA pH 7.0,HP4AP18s/RawData/hp4ap18s Melt 1 091007.csv,Cell 4,None,1,280,"RNA, 2010, Vol. 16, No. 2"
HP4AP18,GCUGAGAGGC,1 M NaCl 20 mM sodium cacodylate 0.5 mM disodium EDTA pH 7.0,HP4AP18s/RawData/hp4ap18s Melt 2 091007.csv,Cell 2,None,0.1,280,"RNA, 2010, Vol. 16, No. 2"
HP4AP18,GCUGAGAGGC,1 M NaCl 20 mM sodium cacodylate 0.5 mM disodium EDTA pH 7.0,HP4AP18s/RawData/hp4ap18s Melt 2 091007.csv,Cell 3,None,0.5,280,"RNA, 2010, Vol. 16, No. 2"
HP4AP18,GCUGAGAGGC,1 M NaCl 20 mM sodium cacodylate 0.5 mM disodium EDTA pH 7.0,HP4AP18s/RawData/hp4ap18s Melt 2 091007.csv,Cell 4,None,1,280,"RNA, 2010, Vol. 16, No. 2"
HP4AP18,GCUGAGAGGC,1 M NaCl 20 mM sodium cacodylate 0.5 mM disodium EDTA pH 7.0,HP4AP18s/RawData/hp4ap18s Melt 3 091007.csv,Cell 2,None,0.1,280,"RNA, 2010, Vol. 16, No. 2"
HP4AP18,GCUGAGAGGC,1 M NaCl 20 mM sodium cacodylate 0.5 mM disodium EDTA pH 7.0,HP4AP18s/RawData/hp4ap18s Melt 3 091007.csv,Cell 3,None,0.5,280,"RNA, 2010, Vol. 16, No. 2"
HP4AP18,GCUGAGAGGC,1 M NaCl 20 mM sodium cacodylate 0.5 mM disodium EDTA pH 7.0,HP4AP18s/RawData/hp4ap18s Melt 3 091007.csv,Cell 4,None,1,280,"RNA, 2010, Vol. 16, No. 2"
HP4AP25,GCCUAACGGC,1 M NaCl 20 mM sodium cacodylate 0.5 mM disodium EDTA pH 7.0,HP4AP25s/RawData/hp4ap25s_Melt_1.csv,Cell 2,None,0.1,280,"RNA, 2010, Vol. 16, No. 2"
HP4AP25,GCCUAACGGC,1 M NaCl 20 mM sodium cacodylate 0.5 mM disodium EDTA pH 7.0,HP4AP25s/RawData/hp4ap25s_Melt_1.csv,Cell 3,None,0.5,280,"RNA, 2010, Vol. 16, No. 2"
HP4AP25,GCCUAACGGC,1 M NaCl 20 mM sodium cacodylate 0.5 mM disodium EDTA pH 7.0,HP4AP25s/RawData/hp4ap25s_Melt_1.csv,Cell 4,None,1,280,"RNA, 2010, Vol. 16, No. 2"
HP4AP25,GCCUAACGGC,1 M NaCl 20 mM sodium cacodylate 0.5 mM disodium EDTA pH 7.0,HP4AP25s/RawData/hp4ap25s_Melt_2.csv,Cell 2,None,0.1,280,"RNA, 2010, Vol. 16, No. 2"
HP4AP25,GCCUAACGGC,1 M NaCl 20 mM sodium cacodylate 0.5 mM disodium EDTA pH 7.0,HP4AP25s/RawData/hp4ap25s_Melt_2.csv,Cell 3,None,0.5,280,"RNA, 2010, Vol. 16, No. 2"
HP4AP25,GCCUAACGGC,1 M NaCl 20 mM sodium cacodylate 0.5 mM disodium EDTA pH 7.0,HP4AP25s/RawData/hp4ap25s_Melt_2.csv,Cell 4,None,1,280,"RNA, 2010, Vol. 16, No. 2"
HP4AP25,GCCUAACGGC,1 M NaCl 20 mM sodium cacodylate 0.5 mM disodium EDTA pH 7.0,HP4AP25s/RawData/hp4ap25s_Melt_3.csv,Cell 2,None,0.1,280,"RNA, 2010, Vol. 16, No. 2"
HP4AP25,GCCUAACGGC,1 M NaCl 20 mM sodium cacodylate 0.5 mM disodium EDTA pH 7.0,HP4AP25s/RawData/hp4ap25s_Melt_3.csv,Cell 3,None,0.5,280,"RNA, 2010, Vol. 16, No. 2"
HP4AP25,GCCUAACGGC,1 M NaCl 20 mM sodium cacodylate 0.5 mM disodium EDTA pH 7.0,HP4AP25s/RawData/hp4ap25s_Melt_3.csv,Cell 4,None,1,280,"RNA, 2010, Vol. 16, No. 2"
HP3AQ1,GCCUUUUAGGC,1 M NaCl 20 mM sodium cacodylate 0.5 mM disodium EDTA pH 7.0,HP3AQ1/RawData/melt1.csv,Cell 2,None,0.1,280,"Biochemistry, 2010, Vol. 49, No. 42"
HP3AQ1,GCCUUUUAGGC,1 M NaCl 20 mM sodium cacodylate 0.5 mM disodium EDTA pH 7.0,HP3AQ1/RawData/melt1.csv,Cell 3,None,0.5,280,"Biochemistry, 2010, Vol. 49, No. 42"
HP3AQ1,GCCUUUUAGGC,1 M NaCl 20 mM sodium cacodylate 0.5 mM disodium EDTA pH 7.0,HP3AQ1/RawData/melt1.csv,Cell 4,None,1,280,"Biochemistry, 2010, Vol. 49, No. 42"
HP3AQ1,GCCUUUUAGGC,1 M NaCl 20 mM sodium cacodylate 0.5 mM disodium EDTA pH 7.0,HP3AQ1/RawData/melt2.csv,Cell 2,None,0.1,280,"Biochemistry, 2010, Vol. 49, No. 42"
HP3AQ1,GCCUUUUAGGC,1 M NaCl 20 mM sodium cacodylate 0.5 mM disodium EDTA pH 7.0,HP3AQ1/RawData/melt2.csv,Cell 3,None,0.5,280,"Biochemistry, 2010, Vol. 49, No. 42"
HP3AQ1,GCCUUUUAGGC,1 M NaCl 20 mM sodium cacodylate 0.5 mM disodium EDTA pH 7.0,HP3AQ1/RawData/melt2.csv,Cell 4,None,1,280,"Biochemistry, 2010, Vol. 49, No. 42"
HP3AQ1,GCCUUUUAGGC,1 M NaCl 20 mM sodium cacodylate 0.5 mM disodium EDTA pH 7.0,HP3AQ1/RawData/melt3.csv,Cell 2,None,0.1,280,"Biochemistry, 2010, Vol. 49, No. 42"
HP3AQ1,GCCUUUUAGGC,1 M NaCl 20 mM sodium cacodylate 0.5 mM disodium EDTA pH 7.0,HP3AQ1/RawData/melt3.csv,Cell 3,None,0.5,280,"Biochemistry, 2010, Vol. 49, No. 42"
HP3AQ1,GCCUUUUAGGC,1 M NaCl 20 mM sodium cacodylate 0.5 mM disodium EDTA pH 7.0,HP3AQ1/RawData/melt3.csv,Cell 4,None,1,280,"Biochemistry, 2010, Vol. 49, No. 42"
HP3AQ1,GCCUUUUAGGC,1 M NaCl 20 mM sodium cacodylate 0.5 mM disodium EDTA pH 7.0,HP3AQ1/RawData/melt4.csv,Cell 2,None,0.1,280,"Biochemistry, 2010, Vol. 49, No. 42"
HP3AQ1,GCCUUUUAGGC,1 M NaCl 20 mM sodium cacodylate 0.5 mM disodium EDTA pH 7.0,HP3AQ1/RawData/melt4.csv,Cell 3,None,0.5,280,"Biochemistry, 2010, Vol. 49, No. 42"
HP3AQ1,GCCUUUUAGGC,1 M NaCl 20 mM sodium cacodylate 0.5 mM disodium EDTA pH 7.0,HP3AQ1/RawData/melt4.csv,Cell 4,None,1,280,"Biochemistry, 2010, Vol. 49, No. 42"
HP3AQ1,GCCUUUUAGGC,1 M NaCl 20 mM sodium cacodylate 0.5 mM disodium EDTA pH 7.0,HP3AQ1/RawData/melt5.csv,Cell 2,None,0.1,280,"Biochemistry, 2010, Vol. 49, No. 42"
HP3AQ1,GCCUUUUAGGC,1 M NaCl 20 mM sodium cacodylate 0.5 mM disodium EDTA pH 7.0,HP3AQ1/RawData/melt5.csv,Cell 3,None,0.5,280,"Biochemistry, 2010, Vol. 49, No. 42"
HP3AQ1,GCCUUUUAGGC,1 M NaCl 20 mM sodium cacodylate 0.5 mM disodium EDTA pH 7.0,HP3AQ1/RawData/melt5.csv,Cell 4,None,1,280,"Biochemistry, 2010, Vol. 49, No. 42"
HP3BH1,GGCUAACGGCC,1 M NaCl 20 mM sodium cacodylate 0.5 mM disodium EDTA pH 7.0,HP3BH1/RawData/melt1.csv,Cell 2,None,0.1,280,"Biochemistry, 2010, Vol. 49, No. 42"
HP3BH1,GGCUAACGGCC,1 M NaCl 20 mM sodium cacodylate 0.5 mM disodium EDTA pH 7.0,HP3BH1/RawData/melt1.csv,Cell 3,None,0.5,280,"Biochemistry, 2010, Vol. 49, No. 42"
HP3BH1,GGCUAACGGCC,1 M NaCl 20 mM sodium cacodylate 0.5 mM disodium EDTA pH 7.0,HP3BH1/RawData/melt1.csv,Cell 4,None,1,280,"Biochemistry, 2010, Vol. 49, No. 42"
HP3BH1,GGCUAACGGCC,1 M NaCl 20 mM sodium cacodylate 0.5 mM disodium EDTA pH 7.0,HP3BH1/RawData/melt2.csv,Cell 2,None,0.1,280,"Biochemistry, 2010, Vol. 49, No. 42"
HP3BH1,GGCUAACGGCC,1 M NaCl 20 mM sodium cacodylate 0.5 mM disodium EDTA pH 7.0,HP3BH1/RawData/melt2.csv,Cell 3,None,0.5,280,"Biochemistry, 2010, Vol. 49, No. 42"
HP3BH1,GGCUAACGGCC,1 M NaCl 20 mM sodium cacodylate 0.5 mM disodium EDTA pH 7.0,HP3BH1/RawData/melt2.csv,Cell 4,None,1,280,"Biochemistry, 2010, Vol. 49, No. 42"
HP3BH1,GGCUAACGGCC,1 M NaCl 20 mM sodium cacodylate 0.5 mM disodium EDTA pH 7.0,HP3BH1/RawData/melt3.csv,Cell 2,None,0.1,280,"Biochemistry, 2010, Vol. 49, No. 42"
HP3BH1,GGCUAACGGCC,1 M NaCl 20 mM sodium cacodylate 0.5 mM disodium EDTA pH 7.0,HP3BH1/RawData/melt3.csv,Cell 3,None,0.5,280,"Biochemistry, 2010, Vol. 49, No. 42"
HP3BH1,GGCUAACGGCC,1 M NaCl 20 mM sodium cacodylate 0.5 mM disodium EDTA pH 7.0,HP3BH1/RawData/melt3.csv,Cell 4,None,1,280,"Biochemistry, 2010, Vol. 49, No. 42"
HP3BH1,GGCUAACGGCC,1 M NaCl 20 mM sodium cacodylate 0.5 mM disodium EDTA pH 7.0,HP3BH1/RawData/melt4.csv,Cell 2,None,0.1,280,"Biochemistry, 2010, Vol. 49, No. 42"
HP3BH1,GGCUAACGGCC,1 M NaCl 20 mM sodium cacodylate 0.5 mM disodium EDTA pH 7.0,HP3BH1/RawData/melt4.csv,Cell 3,None,0.5,280,"Biochemistry, 2010, Vol. 49, No. 42"
HP3BH1,GGCUAACGGCC,1 M NaCl 20 mM sodium cacodylate 0.5 mM disodium EDTA pH 7.0,HP3BH1/RawData/melt4.csv,Cell 4,None,1,280,"Biochemistry, 2010, Vol. 49, No. 42"
HP3AQ2,GCCGUUUCGGC,1 M NaCl 20 mM sodium cacodylate 0.5 mM disodium EDTA pH 7.0,HP3AQ2/RawData/melt1.csv,Cell 2,None,0.1,280,"Biochemistry, 2010, Vol. 49, No. 42"
HP3AQ2,GCCGUUUCGGC,1 M NaCl 20 mM sodium cacodylate 0.5 mM disodium EDTA pH 7.0,HP3AQ2/RawData/melt1.csv,Cell 3,None,0.5,280,"Biochemistry, 2010, Vol. 49, No. 42"
HP3AQ2,GCCGUUUCGGC,1 M NaCl 20 mM sodium cacodylate 0.5 mM disodium EDTA pH 7.0,HP3AQ2/RawData/melt1.csv,Cell 4,None,1,280,"Biochemistry, 2010, Vol. 49, No. 42"
HP3AQ2,GCCGUUUCGGC,1 M NaCl 20 mM sodium cacodylate 0.5 mM disodium EDTA pH 7.0,HP3AQ2/RawData/melt2.csv,Cell 2,None,0.1,280,"Biochemistry, 2010, Vol. 49, No. 42"
HP3AQ2,GCCGUUUCGGC,1 M NaCl 20 mM sodium cacodylate 0.5 mM disodium EDTA pH 7.0,HP3AQ2/RawData/melt2.csv,Cell 3,None,0.5,280,"Biochemistry, 2010, Vol. 49, No. 42"
HP3AQ2,GCCGUUUCGGC,1 M NaCl 20 mM sodium cacodylate 0.5 mM disodium EDTA pH 7.0,HP3AQ2/RawData/melt2.csv,Cell 4,None,1,280,"Biochemistry, 2010, Vol. 49, No. 42"
HP3AQ2,GCCGUUUCGGC,1 M NaCl 20 mM sodium cacodylate 0.5 mM disodium EDTA pH 7.0,HP3AQ2/RawData/melt3.csv,Cell 2,None,0.1,280,"Biochemistry, 2010, Vol. 49, No. 42"
HP3AQ2,GCCGUUUCGGC,1 M NaCl 20 mM sodium cacodylate 0.5 mM disodium EDTA pH 7.0,HP3AQ2/RawData/melt3.csv,Cell 3,None,0.5,280,"Biochemistry, 2010, Vol. 49, No. 42"
HP3AQ2,GCCGUUUCGGC,1 M NaCl 20 mM sodium cacodylate 0.5 mM disodium EDTA pH 7.0,HP3AQ2/RawData/melt3.csv,Cell 4,None,1,280,"Biochemistry, 2010, Vol. 49, No. 42"
HP3S5,GGCGAGACGCC,1 M NaCl 20 mM sodium cacodylate 0.5 mM disodium EDTA pH 7.0,HP3S5/RawData/melt1.csv,Cell 2,None,0.1,280,"Biochemistry, 2010, Vol. 49, No. 42"
HP3S5,GGCGAGACGCC,1 M NaCl 20 mM sodium cacodylate 0.5 mM disodium EDTA pH 7.0,HP3S5/RawData/melt1.csv,Cell 3,None,0.5,280,"Biochemistry, 2010, Vol. 49, No. 42"
HP3S5,GGCGAGACGCC,1 M NaCl 20 mM sodium cacodylate 0.5 mM disodium EDTA pH 7.0,HP3S5/RawData/melt1.csv,Cell 4,None,1,280,"Biochemistry, 2010, Vol. 49, No. 42"
HP3S5,GGCGAGACGCC,1 M NaCl 20 mM sodium cacodylate 0.5 mM disodium EDTA pH 7.0,HP3S5/RawData/melt2.csv,Cell 2,None,0.1,280,"Biochemistry, 2010, Vol. 49, No. 42"
HP3S5,GGCGAGACGCC,1 M NaCl 20 mM sodium cacodylate 0.5 mM disodium EDTA pH 7.0,HP3S5/RawData/melt2.csv,Cell 3,None,0.5,280,"Biochemistry, 2010, Vol. 49, No. 42"
HP3S5,GGCGAGACGCC,1 M NaCl 20 mM sodium cacodylate 0.5 mM disodium EDTA pH 7.0,HP3S5/RawData/melt2.csv,Cell 4,None,1,280,"Biochemistry, 2010, Vol. 49, No. 42"
HP3S5,GGCGAGACGCC,1 M NaCl 20 mM sodium cacodylate 0.5 mM disodium EDTA pH 7.0,HP3S5/RawData/melt3.csv,Cell 2,None,0.1,280,"Biochemistry, 2010, Vol. 49, No. 42"
HP3S5,GGCGAGACGCC,1 M NaCl 20 mM sodium cacodylate 0.5 mM disodium EDTA pH 7.0,HP3S5/RawData/melt3.csv,Cell 3,None,0.5,280,"Biochemistry, 2010, Vol. 49, No. 42"
HP3S5,GGCGAGACGCC,1 M NaCl 20 mM sodium cacodylate 0.5 mM disodium EDTA pH 7.0,HP3S5/RawData/melt3.csv,Cell 4,None,1,280,"Biochemistry, 2010, Vol. 49, No. 42"
HP3AC2,GGCAAAAUGCC,1 M NaCl 20 mM sodium cacodylate 0.5 mM disodium EDTA pH 7.0,HP3AC2/RawData/melt1.csv,Cell 2,None,0.1,280,"Biochemistry, 2010, Vol. 49, No. 42"
HP3AC2,GGCAAAAUGCC,1 M NaCl 20 mM sodium cacodylate 0.5 mM disodium EDTA pH 7.0,HP3AC2/RawData/melt1.csv,Cell 3,None,0.5,280,"Biochemistry, 2010, Vol. 49, No. 42"
HP3AC2,GGCAAAAUGCC,1 M NaCl 20 mM sodium cacodylate 0.5 mM disodium EDTA pH 7.0,HP3AC2/RawData/melt1.csv,Cell 4,None,1,280,"Biochemistry, 2010, Vol. 49, No. 42"
HP3AC2,GGCAAAAUGCC,1 M NaCl 20 mM sodium cacodylate 0.5 mM disodium EDTA pH 7.0,HP3AC2/RawData/melt2.csv,Cell 2,None,0.1,280,"Biochemistry, 2010, Vol. 49, No. 42"
HP3AC2,GGCAAAAUGCC,1 M NaCl 20 mM sodium cacodylate 0.5 mM disodium EDTA pH 7.0,HP3AC2/RawData/melt2.csv,Cell 3,None,0.5,280,"Biochemistry, 2010, Vol. 49, No. 42"
HP3AC2,GGCAAAAUGCC,1 M NaCl 20 mM sodium cacodylate 0.5 mM disodium EDTA pH 7.0,HP3AC2/RawData/melt2.csv,Cell 4,None,1,280,"Biochemistry, 2010, Vol. 49, No. 42"
HP3AC2,GGCAAAAUGCC,1 M NaCl 20 mM sodium cacodylate 0.5 mM disodium EDTA pH 7.0,HP3AC2/RawData/melt3.csv,Cell 2,None,0.1,280,"Biochemistry, 2010, Vol. 49, No. 42"
HP3AC2,GGCAAAAUGCC,1 M NaCl 20 mM sodium cacodylate 0.5 mM disodium EDTA pH 7.0,HP3AC2/RawData/melt3.csv,Cell 3,None,0.5,280,"Biochemistry, 2010, Vol. 49, No. 42"
HP3AC2,GGCAAAAUGCC,1 M NaCl 20 mM sodium cacodylate 0.5 mM disodium EDTA pH 7.0,HP3AC2/RawData/melt3.csv,Cell 4,None,1,280,"Biochemistry, 2010, Vol. 49, No. 42"
HP3AC4,GGCCACAGGCC,1 M NaCl 20 mM sodium cacodylate 0.5 mM disodium EDTA pH 7.0,HP3AC4/RawData/melt1.csv,Cell 3,None,0.5,280,"Biochemistry, 2010, Vol. 49, No. 42"
HP3AC4,GGCCACAGGCC,1 M NaCl 20 mM sodium cacodylate 0.5 mM disodium EDTA pH 7.0,HP3AC4/RawData/melt1.csv,Cell 4,None,1,280,"Biochemistry, 2010, Vol. 49, No. 42"
HP3AC4,GGCCACAGGCC,1 M NaCl 20 mM sodium cacodylate 0.5 mM disodium EDTA pH 7.0,HP3AC4/RawData/melt2.csv,Cell 2,None,0.1,280,"Biochemistry, 2010, Vol. 49, No. 42"
HP3AC4,GGCCACAGGCC,1 M NaCl 20 mM sodium cacodylate 0.5 mM disodium EDTA pH 7.0,HP3AC4/RawData/melt2.csv,Cell 3,None,0.5,280,"Biochemistry, 2010, Vol. 49, No. 42"
HP3AC4,GGCCACAGGCC,1 M NaCl 20 mM sodium cacodylate 0.5 mM disodium EDTA pH 7.0,HP3AC4/RawData/melt2.csv,Cell 4,None,1,280,"Biochemistry, 2010, Vol. 49, No. 42"
HP3AC4,GGCCACAGGCC,1 M NaCl 20 mM sodium cacodylate 0.5 mM disodium EDTA pH 7.0,HP3AC4/RawData/melt3.csv,Cell 2,None,0.1,280,"Biochemistry, 2010, Vol. 49, No. 42"
HP3AC4,GGCCACAGGCC,1 M NaCl 20 mM sodium cacodylate 0.5 mM disodium EDTA pH 7.0,HP3AC4/RawData/melt3.csv,Cell 3,None,0.5,280,"Biochemistry, 2010, Vol. 49, No. 42"
HP3AC4,GGCCACAGGCC,1 M NaCl 20 mM sodium cacodylate 0.5 mM disodium EDTA pH 7.0,HP3AC4/RawData/melt3.csv,Cell 4,None,1,280,"Biochemistry, 2010, Vol. 49, No. 42"
CROWD_DR8,AGCCGGCU,20% (w/v) PEG 200 1 M NaCl 20 mM sodium cacodylate 0.5 mM sodium EDTA pH 7.0,CROWD_DR8/RawData/CROWD_DR8_Run1.csv,Cell 1,Cell 1,1,280,"Nucleic Acids Res., 2019, Vol. 47, No. 7"
CROWD_DR8,AGCCGGCU,20% (w/v) PEG 200 1 M NaCl 20 mM sodium cacodylate 0.5 mM sodium EDTA pH 7.0,CROWD_DR8/RawData/CROWD_DR8_Run1.csv,Cell 2,Cell 1,0.1,280,"Nucleic Acids Res., 2019, Vol. 47, No. 7"
CROWD_DR8,AGCCGGCU,20% (w/v) PEG 200 1 M NaCl 20 mM sodium cacodylate 0.5 mM sodium EDTA pH 7.0,CROWD_DR8/RawData/CROWD_DR8_Run1.csv,Cell 3,Cell 1,0.5,280,"Nucleic Acids Res., 2019, Vol. 47, No. 7"
CROWD_DR8,AGCCGGCU,20% (w/v) PEG 200 1 M NaCl 20 mM sodium cacodylate 0.5 mM sodium EDTA pH 7.0,CROWD_DR8/RawData/CROWD_DR8_Run1.csv,Cell 4,Cell 1,1,280,"Nucleic Acids Res., 2019, Vol. 47, No. 7"
CROWD_DR8,AGCCGGCU,20% (w/v) PEG 200 1 M NaCl 20 mM sodium cacodylate 0.5 mM sodium EDTA pH 7.0,CROWD_DR8/RawData/CROWD_DR8_Run2.csv,Cell 1,Cell 1,1,280,"Nucleic Acids Res., 2019, Vol. 47, No. 7"
CROWD_DR8,AGCCGGCU,20% (w/v) PEG 200 1 M NaCl 20 mM sodium cacodylate 0.5 mM sodium EDTA pH 7.0,CROWD_DR8/RawData/CROWD_DR8_Run2.csv,Cell 2,Cell 1,0.1,280,"Nucleic Acids Res., 2019, Vol. 47, No. 7"
CROWD_DR8,AGCCGGCU,20% (w/v) PEG 200 1 M NaCl 20 mM sodium cacodylate 0.5 mM sodium EDTA pH 7.0,CROWD_DR8/RawData/CROWD_DR8_Run2.csv,Cell 3,Cell 1,0.5,280,"Nucleic Acids Res., 2019, Vol. 47, No. 7"
CROWD_DR8,AGCCGGCU,20% (w/v) PEG 200 1 M NaCl 20 mM sodium cacodylate 0.5 mM sodium EDTA pH 7.0,CROWD_DR8/RawData/CROWD_DR8_Run2.csv,Cell 4,Cell 1,1,280,"Nucleic Acids Res., 2019, Vol. 47, No. 7"
CROWD_DR8,AGCCGGCU,20% (w/v) PEG 200 1 M NaCl 20 mM sodium cacodylate 0.5 mM sodium EDTA pH 7.0,CROWD_DR8/RawData/CROWD_DR8_Run3.csv,Cell 1,Cell 1,1,280,"Nucleic Acids Res., 2019, Vol. 47, No. 7"
CROWD_DR8,AGCCGGCU,20% (w/v) PEG 200 1 M NaCl 20 mM sodium cacodylate 0.5 mM sodium EDTA pH 7.0,CROWD_DR8/RawData/CROWD_DR8_Run3.csv,Cell 2,Cell 1,0.1,280,"Nucleic Acids Res., 2019, Vol. 47, No. 7"
CROWD_DR8,AGCCGGCU,20% (w/v) PEG 200 1 M NaCl 20 mM sodium cacodylate 0.5 mM sodium EDTA pH 7.0,CROWD_DR8/RawData/CROWD_DR8_Run3.csv,Cell 3,Cell 1,0.5,280,"Nucleic Acids Res., 2019, Vol. 47, No. 7"
CROWD_DR8,AGCCGGCU,20% (w/v) PEG 200 1 M NaCl 20 mM sodium cacodylate 0.5 mM sodium EDTA pH 7.0,CROWD_DR8/RawData/CROWD_DR8_Run3.csv,Cell 4,Cell 1,1,280,"Nucleic Acids Res., 2019, Vol. 47, No. 7"
CROWD_DR8,AGCCGGCU,20% (w/v) PEG 200 1 M NaCl 20 mM sodium cacodylate 0.5 mM sodium EDTA pH 7.0,CROWD_DR8/RawData/CROWD_DR8_Run4.csv,Cell 1,Cell 1,1,280,"Nucleic Acids Res., 2019, Vol. 47, No. 7"
CROWD_DR8,AGCCGGCU,20% (w/v) PEG 200 1 M NaCl 20 mM sodium cacodylate 0.5 mM sodium EDTA pH 7.0,CROWD_DR8/RawData/CROWD_DR8_Run4.csv,Cell 2,Cell 1,0.1,280,"Nucleic Acids Res., 2019, Vol. 47, No. 7"
CROWD_DR8,AGCCGGCU,20% (w/v) PEG 200 1 M NaCl 20 mM sodium cacodylate 0.5 mM sodium EDTA pH 7.0,CROWD_DR8/RawData/CROWD_DR8_Run4.csv,Cell 3,Cell 1,0.5,280,"Nucleic Acids Res., 2019, Vol. 47, No. 7"
CROWD_DR8,AGCCGGCU,20% (w/v) PEG 200 1 M NaCl 20 mM sodium cacodylate 0.5 mM sodium EDTA pH 7.0,CROWD_DR8/RawData/CROWD_DR8_Run4.csv,Cell 4,Cell 1,1,280,"Nucleic Acids Res., 2019, Vol. 47, No. 7"
