"Helix","Method","error.dG","error.dH","error.dS","Program","Mmodel"
"CGCGCG","1 Individual fits",-0.0297973778307509,-0.0556966311156255,-0.284234382399369,"MeltR
1 Individual fits","Self-complementary"
"CGCGCG","2 Tm versus ln[Ct]",-0.0309892729439809,-0.0556966311156255,-0.28409459352802,"MeltR
2 Tm versus ln[Ct]","Self-complementary"
"CGCGCG","3 Global fit",-0.0202622169249106,-0.0360589131538853,-0.26806546961326,"MeltR
3 Global fit","Self-complementary"
"ACCGGU","1 Individual fits",-0.0433017591339647,0.0510768057937869,-0.18782839396628,"MeltR
1 Individual fits","Self-complementary"
"ACCGGU","2 Tm versus ln[Ct]",-0.0365358592692828,0.101391271202592,-0.14413959627329,"MeltR
2 Tm versus ln[Ct]","Self-complementary"
"ACCGGU","3 Global fit",-0.040595399188092,0.061558986087288,-0.178975388198756,"MeltR
3 Global fit","Self-complementary"
"CCAUGG","1 Individual fits",0.0382848392036753,0.0712123909560263,-0.181086603545526,"MeltR
1 Individual fits","Self-complementary"
"CCAUGG","2 Tm versus ln[Ct]",0.0382848392036753,0.0696101121595157,-0.182466206688153,"MeltR
2 Tm versus ln[Ct]","Self-complementary"
"CCAUGG","3 Global fit",0.0413476263399693,0.0642691828378138,-0.187271031426267,"MeltR
3 Global fit","Self-complementary"
"GAUAUAUC","1 Individual fits",-0.0693240901213171,0.0610731423585866,-0.183070936507938,"MeltR
1 Individual fits","Self-complementary"
"GAUAUAUC","2 Tm versus ln[Ct]",-0.0537261698440207,-0.0632543260142503,-0.287351777777779,"MeltR
2 Tm versus ln[Ct]","Self-complementary"
"GAUAUAUC","3 Global fit",-0.0641247833622182,0.0578740729969464,-0.186069666666668,"MeltR
3 Global fit","Self-complementary"
"GCAAUUGC","1 Individual fits",0.0105509964830012,0.00180948688122012,-0.238069777745496,"MeltR
1 Individual fits","Self-complementary"
"GCAAUUGC","2 Tm versus ln[Ct]",0.00117233294255566,-0.0221015897634743,-0.257554554038349,"MeltR
2 Tm versus ln[Ct]","Self-complementary"
"GCAAUUGC","3 Global fit",0.0246189917936695,0.0465296626599456,-0.201055563625798,"MeltR
3 Global fit","Self-complementary"
"UAUAUAUA","1 Individual fits",-0.111570247933884,0.0441497398019138,0.0507654068241493,"MeltR
1 Individual fits","Self-complementary"
"UAUAUAUA","2 Tm versus ln[Ct]",-0.103305785123967,0.0387779083431258,0.0449043044619445,"MeltR
2 Tm versus ln[Ct]","Self-complementary"
"UAUAUAUA","3 Global fit",-0.132231404958678,0.0790666442840356,0.0879942607174126,"MeltR
3 Global fit","Self-complementary"
"AGCCGGCU","1 Individual fits",0,-0.089218427130181,-0.106658116741686,"MeltR
1 Individual fits","Self-complementary"
"AGCCGGCU","2 Tm versus ln[Ct]",0.0365671641791045,-0.01908350553057,-0.0298749382895292,"MeltR
2 Tm versus ln[Ct]","Self-complementary"
"AGCCGGCU","3 Global fit",0.0335820895522388,-0.0291722377537376,-0.0414487077101768,"MeltR
3 Global fit","Self-complementary"
"CGAAAGGU/ACCUUUCG","1 Individual fits",0.0448717948717949,0.0547479121558925,-0.195509972875226,"MeltR
1 Individual fits","Non-self-complementary"
"CGAAAGGU/ACCUUUCG","2 Tm versus ln[Ct]",0.0427350427350428,0.0510361892978657,-0.198584620253165,"MeltR
2 Tm versus ln[Ct]","Non-self-complementary"
"CGAAAGGU/ACCUUUCG","3 Global fit",0.0395299145299146,0.0383544695329416,-0.209559403254973,"MeltR
3 Global fit","Non-self-complementary"
"CUGAGUC/GACUCAG","1 Individual fits",0.0545876887340303,0.00312158576556895,-0.242284664623152,"MeltR
1 Individual fits","Non-self-complementary"
"CUGAGUC/GACUCAG","2 Tm versus ln[Ct]",0.0545876887340303,0.003433744342126,-0.242071763433105,"MeltR
2 Tm versus ln[Ct]","Non-self-complementary"
"CUGAGUC/GACUCAG","3 Global fit",0.0545876887340303,-0.0101451537380988,-0.253994230075731,"MeltR
3 Global fit","Non-self-complementary"
"CGUUGC/GCAACG","1 Individual fits",0.0159189580318378,-0.00174520069808035,-0.241951097178685,"MeltR
1 Individual fits","Non-self-complementary"
"CGUUGC/GCAACG","2 Tm versus ln[Ct]",0.00723589001447175,-0.0527438433197595,-0.285892129422303,"MeltR
2 Tm versus ln[Ct]","Non-self-complementary"
"CGUUGC/GCAACG","3 Global fit",0.0217076700434153,-0.000581733566026782,-0.241580956112854,"MeltR
3 Global fit","Non-self-complementary"
"FAMCGAAAGGU/ACCUUUCGBHQ1","1 Individual fits",0.034612490594432,0.0779621767657275,-0.172485544692736,"MeltR
1 Individual fits","Non-self-complementary"
"FAMCGAAAGGU/ACCUUUCGBHQ1","2 Tm versus ln[Ct]",0.0323551542513169,0.0739740126077447,-0.175783729050278,"MeltR
2 Tm versus ln[Ct]","Non-self-complementary"
"FAMCGAAAGGU/ACCUUUCGBHQ1","3 Global fit",0.0127915726109858,0.038337836099318,-0.205320802296709,"MeltR
3 Global fit","Non-self-complementary"
"FAMCUGAGUC/GACUCAGBHQ1","1 Individual fits",0.0502392344497608,-0.0235934664246825,-0.267496331269349,"MeltR
1 Individual fits","Non-self-complementary"
"FAMCUGAGUC/GACUCAGBHQ1","2 Tm versus ln[Ct]",0.0502392344497608,-0.0238527352864921,-0.267715665634674,"MeltR
2 Tm versus ln[Ct]","Non-self-complementary"
"FAMCUGAGUC/GACUCAGBHQ1","3 Global fit",0.0566188197767146,-0.0213896810993,-0.266399659442724,"MeltR
3 Global fit","Non-self-complementary"
"FAMCGUUGC/GCAACGBHQ1","1 Individual fits",-0.0654981549815497,-0.0820238843494657,-0.303581126893938,"MeltR
1 Individual fits","Non-self-complementary"
"FAMCGUUGC/GCAACGBHQ1","2 Tm versus ln[Ct]",-0.0461254612546125,-0.0210559396605909,-0.250715729166666,"MeltR
2 Tm versus ln[Ct]","Non-self-complementary"
"FAMCGUUGC/GCAACGBHQ1","3 Global fit",-0.0618081180811808,-0.0567253299811439,-0.281039535984847,"MeltR
3 Global fit","Non-self-complementary"
"GCCGUGAGGC","1 Individual fits",0.0733695652173913,NA,NA,"MeltR
1 Individual fits","Monomolecular"
"GCCGUGAGGC","2 Tm versus ln[Ct]",NA,NA,NA,"MeltR
2 Tm versus ln[Ct]","Monomolecular"
"GCCGUGAGGC","3 Global fit",0.0326086956521738,NA,NA,"MeltR
3 Global fit","Monomolecular"
"GCGGCAACGC","1 Individual fits",0.076923076923077,NA,NA,"MeltR
1 Individual fits","Monomolecular"
"GCGGCAACGC","2 Tm versus ln[Ct]",NA,NA,NA,"MeltR
2 Tm versus ln[Ct]","Monomolecular"
"GCGGCAACGC","3 Global fit",0.0865384615384614,NA,NA,"MeltR
3 Global fit","Monomolecular"
"GCUGAAAGGC","1 Individual fits",-0.293269230769231,NA,NA,"MeltR
1 Individual fits","Monomolecular"
"GCUGAAAGGC","2 Tm versus ln[Ct]",NA,NA,NA,"MeltR
2 Tm versus ln[Ct]","Monomolecular"
"GCUGAAAGGC","3 Global fit",-0.322115384615385,NA,NA,"MeltR
3 Global fit","Monomolecular"
"GCUGAGAGGC","1 Individual fits",-0.408653846153846,NA,NA,"MeltR
1 Individual fits","Monomolecular"
"GCUGAGAGGC","2 Tm versus ln[Ct]",NA,NA,NA,"MeltR
2 Tm versus ln[Ct]","Monomolecular"
"GCUGAGAGGC","3 Global fit",-0.456730769230769,NA,NA,"MeltR
3 Global fit","Monomolecular"
"GCCUAACGGC","1 Individual fits",0.13953488372093,NA,NA,"MeltR
1 Individual fits","Monomolecular"
"GCCUAACGGC","2 Tm versus ln[Ct]",NA,NA,NA,"MeltR
2 Tm versus ln[Ct]","Monomolecular"
"GCCUAACGGC","3 Global fit",0.0310077519379845,NA,NA,"MeltR
3 Global fit","Monomolecular"
"GCCUUUUAGGC","1 Individual fits",-0.038781163434903,NA,NA,"MeltR
1 Individual fits","Monomolecular"
"GCCUUUUAGGC","2 Tm versus ln[Ct]",NA,NA,NA,"MeltR
2 Tm versus ln[Ct]","Monomolecular"
"GCCUUUUAGGC","3 Global fit",-0.0193905817174515,NA,NA,"MeltR
3 Global fit","Monomolecular"
"GGCUAACGGCC","1 Individual fits",0.149377593360996,NA,NA,"MeltR
1 Individual fits","Monomolecular"
"GGCUAACGGCC","2 Tm versus ln[Ct]",NA,NA,NA,"MeltR
2 Tm versus ln[Ct]","Monomolecular"
"GGCUAACGGCC","3 Global fit",0.16597510373444,NA,NA,"MeltR
3 Global fit","Monomolecular"
"GCCGUUUCGGC","1 Individual fits",0.0576036866359447,NA,NA,"MeltR
1 Individual fits","Monomolecular"
"GCCGUUUCGGC","2 Tm versus ln[Ct]",NA,NA,NA,"MeltR
2 Tm versus ln[Ct]","Monomolecular"
"GCCGUUUCGGC","3 Global fit",0,NA,NA,"MeltR
3 Global fit","Monomolecular"
"GGCGAGACGCC","1 Individual fits",0.00318471337579611,NA,NA,"MeltR
1 Individual fits","Monomolecular"
"GGCGAGACGCC","2 Tm versus ln[Ct]",NA,NA,NA,"MeltR
2 Tm versus ln[Ct]","Monomolecular"
"GGCGAGACGCC","3 Global fit",-0.0796178343949045,NA,NA,"MeltR
3 Global fit","Monomolecular"
"GGCAAAAUGCC","1 Individual fits",-0.0450819672131147,NA,NA,"MeltR
1 Individual fits","Monomolecular"
"GGCAAAAUGCC","2 Tm versus ln[Ct]",NA,NA,NA,"MeltR
2 Tm versus ln[Ct]","Monomolecular"
"GGCAAAAUGCC","3 Global fit",-0.0614754098360655,NA,NA,"MeltR
3 Global fit","Monomolecular"
"GGCCACAGGCC","1 Individual fits",-0.0886075949367088,NA,NA,"MeltR
1 Individual fits","Monomolecular"
"GGCCACAGGCC","2 Tm versus ln[Ct]",NA,NA,NA,"MeltR
2 Tm versus ln[Ct]","Monomolecular"
"GGCCACAGGCC","3 Global fit",-0.177215189873418,NA,NA,"MeltR
3 Global fit","Monomolecular"
"CGCGCG","2 Tm versus ln[Ct]",-0.0798569725864125,-0.119688505163366,-0.335536898184689,"MeltWin
2 Tm versus ln[Ct]","Self-complementary"
"CGCGCG","1 individual fits",-0.064362336114422,-0.0587438632131369,-0.282883089976323,"MeltWin
1 individual fits","Self-complementary"
"ACCGGU","2 Tm versus ln[Ct]",-0.0365358592692828,0.025347817800648,-0.211611024844719,"MeltWin
2 Tm versus ln[Ct]","Self-complementary"
"ACCGGU","1 individual fits",-0.0378890392422191,0.0310653706880122,-0.206372559893521,"MeltWin
1 individual fits","Self-complementary"
"CCAUGG","2 Tm versus ln[Ct]",-0.00153139356814712,0.0646252447925938,-0.182228344077355,"MeltWin
2 Tm versus ln[Ct]","Self-complementary"
"CCAUGG","1 individual fits",-0.00153139356814712,0.0753071034359978,-0.174141015310232,"MeltWin
1 individual fits","Self-complementary"
"GAUAUAUC","2 Tm versus ln[Ct]",-0.0502599653379548,-0.0402791915079249,-0.269059523809525,"MeltWin
2 Tm versus ln[Ct]","Self-complementary"
"GAUAUAUC","1 individual fits",-0.0623916811091853,0.0789588483350299,-0.168976904761906,"MeltWin
1 individual fits","Self-complementary"
"GCAAUUGC","2 Tm versus ln[Ct]",-0.0515826494724501,0.0094351815949333,-0.225754575828006,"MeltWin
2 Tm versus ln[Ct]","Self-complementary"
"GCAAUUGC","1 individual fits",-0.0445486518171159,0.0262375597776916,-0.211689860546193,"MeltWin
1 individual fits","Self-complementary"
"UAUAUAUA","2 Tm versus ln[Ct]",-0.0495867768595042,0.0491858317945274,0.0539130358705184,"MeltWin
2 Tm versus ln[Ct]","Self-complementary"
"UAUAUAUA","1 individual fits",-0.0619834710743801,0.0592580157797549,0.0642242344706934,"MeltWin
1 individual fits","Self-complementary"
"CGAAAGGU/ACCUUUCG","1 individual fits",0.0470085470085471,0.0364986081039282,-0.21207890596745,"MeltWin
1 individual fits","Non-self-complementary"
"CGAAAGGU/ACCUUUCG","2 Tm versus ln[Ct]",0.0438034188034188,0.0184039591710485,-0.227836473779385,"MeltWin
2 Tm versus ln[Ct]","Non-self-complementary"
"CUGAGUC/GACUCAG","1 individual fits",0.0627177700348433,-0.0117059466208833,-0.256336143166246,"MeltWin
1 individual fits","Non-self-complementary"
"CUGAGUC/GACUCAG","2 Tm versus ln[Ct]",0.0638792102206737,-0.00717964726080839,-0.252418761269384,"MeltWin
2 Tm versus ln[Ct]","Non-self-complementary"
"CGUUGC/GCAACG","1 individual fits",0.0434153400868307,-0.00988947062245488,-0.252367924317064,"MeltWin
1 individual fits","Non-self-complementary"
"CGUUGC/GCAACG","2 Tm versus ln[Ct]",0.0390738060781475,-0.0659298041496994,-0.301120790416482,"MeltWin
2 Tm versus ln[Ct]","Non-self-complementary"
"FAMCGAAAGGU/ACCUUUCGBHQ1","1 individual fits",0.0255831452219715,0.0436125048243921,-0.202535668839229,"MeltWin
1 individual fits","Non-self-complementary"
"FAMCGAAAGGU/ACCUUUCGBHQ1","2 Tm versus ln[Ct]",0.0248306997742664,0.0427119516274282,-0.203268598696461,"MeltWin
2 Tm versus ln[Ct]","Non-self-complementary"
"FAMCUGAGUC/GACUCAGBHQ1","1 individual fits",0.0518341307814992,-0.0351309307752138,-0.278170603715169,"MeltWin
1 individual fits","Non-self-complementary"
"FAMCUGAGUC/GACUCAGBHQ1","2 Tm versus ln[Ct]",0.0534290271132378,-0.032538242157117,-0.276013815789473,"MeltWin
2 Tm versus ln[Ct]","Non-self-complementary"
"FAMCGUUGC/GCAACGBHQ1","1 individual fits",-0.0424354243542435,-0.034098051539912,-0.263194109848484,"MeltWin
1 individual fits","Non-self-complementary"
"FAMCGUUGC/GCAACGBHQ1","2 Tm versus ln[Ct]",-0.040590405904059,-0.0221558768070397,-0.252594195075756,"MeltWin
2 Tm versus ln[Ct]","Non-self-complementary"
"GCCGUGAGGC","1 individual fits",0.0135869565217391,NA,NA,"MeltWin
1 individual fits","Monomolecular"
"GCGGCAACGC","1 individual fits",0.0817307692307692,NA,NA,"MeltWin
1 individual fits","Monomolecular"
"GCUGAAAGGC","1 individual fits",-0.375,NA,NA,"MeltWin
1 individual fits","Monomolecular"
"GCUGAGAGGC","1 individual fits",-0.389423076923077,NA,NA,"MeltWin
1 individual fits","Monomolecular"
"GCCUAACGGC","1 individual fits",0.116279069767442,NA,NA,"MeltWin
1 individual fits","Monomolecular"
"GCCUUUUAGGC","1 individual fits",-0.0443213296398891,NA,NA,"MeltWin
1 individual fits","Monomolecular"
"GGCUAACGGCC","1 individual fits",0.20746887966805,NA,NA,"MeltWin
1 individual fits","Monomolecular"
"GCCGUUUCGGC","1 individual fits",0.0138248847926268,NA,NA,"MeltWin
1 individual fits","Monomolecular"
"GGCGAGACGCC","1 individual fits",-0.00955414012738861,NA,NA,"MeltWin
1 individual fits","Monomolecular"
"GGCAAAAUGCC","1 individual fits",-0.0327868852459017,NA,NA,"MeltWin
1 individual fits","Monomolecular"
"GGCCACAGGCC","1 individual fits",-0.122362869198312,NA,NA,"MeltWin
1 individual fits","Monomolecular"
"AGCCGGCU","1 individual fits",0.0402985074626865,0.0489850492281512,0.0510964135327448,"MeltWin
1 individual fits","Self-complementary"
"GCCGUGAGGC","2 Tm versus ln[Ct]",NA,NA,NA,"MeltWin
2 Tm versus ln[Ct]","Monomolecular"
"GCGGCAACGC","2 Tm versus ln[Ct]",NA,NA,NA,"MeltWin
2 Tm versus ln[Ct]","Monomolecular"
"GCUGAAAGGC","2 Tm versus ln[Ct]",NA,NA,NA,"MeltWin
2 Tm versus ln[Ct]","Monomolecular"
"GCUGAGAGGC","2 Tm versus ln[Ct]",NA,NA,NA,"MeltWin
2 Tm versus ln[Ct]","Monomolecular"
"GCCUAACGGC","2 Tm versus ln[Ct]",NA,NA,NA,"MeltWin
2 Tm versus ln[Ct]","Monomolecular"
"GCCUUUUAGGC","2 Tm versus ln[Ct]",NA,NA,NA,"MeltWin
2 Tm versus ln[Ct]","Monomolecular"
"GGCUAACGGCC","2 Tm versus ln[Ct]",NA,NA,NA,"MeltWin
2 Tm versus ln[Ct]","Monomolecular"
"GCCGUUUCGGC","2 Tm versus ln[Ct]",NA,NA,NA,"MeltWin
2 Tm versus ln[Ct]","Monomolecular"
"GGCGAGACGCC","2 Tm versus ln[Ct]",NA,NA,NA,"MeltWin
2 Tm versus ln[Ct]","Monomolecular"
"GGCAAAAUGCC","2 Tm versus ln[Ct]",NA,NA,NA,"MeltWin
2 Tm versus ln[Ct]","Monomolecular"
"GGCCACAGGCC","2 Tm versus ln[Ct]",NA,NA,NA,"MeltWin
2 Tm versus ln[Ct]","Monomolecular"
"AGCCGGCU","2 Tm versus ln[Ct]",0.0343283582089552,0.0429074996961225,0.0447916364164387,"MeltWin
2 Tm versus ln[Ct]","Self-complementary"
