"Method","dH","CI95.dH","dS","CI95.dS","dG","CI95.dG","Tm_at_0.1mM","CI95.Tm_at_0.1mM","Helix"
"1 Individual fits",-55.75,"-56.84 to -54.72",-153.51,"-156.85 to -150.29",-8.14,"-8.19 to -8.1",51.34,"51.22 to 51.44","CGCGCG"
"2 Tm versus ln[Ct]",-55.74,"-56.99 to -54.56",-153.5,"-157.32 to -149.84",-8.13,"-8.18 to -8.08",51.28,"51.15 to 51.43","CGCGCG"
"3 Global fit",-57.01,"-58.31 to -55.94",-157.3,"-161.21 to -153.98",-8.23,"-8.31 to -8.13",51.52,"51.11 to 51.79","CGCGCG"
"1 Individual fits",-54.91,"-57.3 to -52.68",-154.24,"-161.84 to -147.06",-7.07,"-7.13 to -7",45.08,"44.74 to 45.52","ACCGGU"
"2 Tm versus ln[Ct]",-58.12,"-60.55 to -55.58",-164.42,"-172.18 to -156.42",-7.13,"-7.18 to -7.07",44.94,"44.56 to 45.33","ACCGGU"
"3 Global fit",-56.02,"-60.26 to -52.03",-157.79,"-171.58 to -145.11",-7.08,"-7.18 to -6.97",44.96,"44.16 to 45.61","ACCGGU"
"1 Individual fits",-60.25,"-61 to -59.48",-172.41,"-174.8 to -169.98",-6.78,"-6.8 to -6.74",42.79,"42.64 to 42.89","CCAUGG"
"2 Tm versus ln[Ct]",-60.15,"-61.17 to -59.07",-172.07,"-175.35 to -168.67",-6.78,"-6.8 to -6.75",42.82,"42.63 to 42.93","CCAUGG"
"3 Global fit",-59.8,"-60.95 to -58.83",-170.87,"-174.5 to -167.85",-6.8,"-6.83 to -6.77",42.93,"42.84 to 43","CCAUGG"
"1 Individual fits",-73.12,"-74.43 to -71.74",-218.42,"-222.6 to -214.02",-5.37,"-5.41 to -5.34",35.72,"35.56 to 35.86","GAUAUAUC"
"2 Tm versus ln[Ct]",-64.54,"-66.42 to -63.33",-190.49,"-196.69 to -186.52",-5.46,"-5.49 to -5.43",35.96,"35.8 to 36.11","GAUAUAUC"
"3 Global fit",-72.85,"-75.31 to -71.32",-217.45,"-225.37 to -212.7",-5.4,"-5.45 to -5.34",35.84,"35.57 to 36.05","GAUAUAUC"
"1 Individual fits",-77.4,"-78.67 to -75.87",-221.75,"-225.8 to -217.04",-8.62,"-8.68 to -8.55",49.28,"49.11 to 49.36","GCAAUUGC"
"2 Tm versus ln[Ct]",-75.79,"-77.21 to -73.96",-216.83,"-221.29 to -211.19",-8.54,"-8.59 to -8.47",49.19,"49.08 to 49.32","GCAAUUGC"
"3 Global fit",-80.9,"-84.66 to -78.78",-232.68,"-244.38 to -226.16",-8.73,"-8.86 to -8.63",49.19,"49.1 to 49.25","GCAAUUGC"
"1 Individual fits",-62.38,"-64.7 to -59.94",-194.25,"-202.26 to -185.81",-2.14,"-2.31 to -1.96",20.35,"20.17 to 20.5","UAUAUAUA"
"2 Tm versus ln[Ct]",-62.24,"-65 to -59.44",-193.77,"-203.28 to -184.1",-2.14,"-2.34 to -1.95",20.33,"20.1 to 20.54","UAUAUAUA"
"3 Global fit",-64.48,"-66.58 to -62.4",-201.15,"-208.26 to -194.12",-2.09,"-2.2 to -2",20.66,"20.51 to 20.8","UAUAUAUA"
"1 Individual fits",-74.9,"-76.03 to -74.17",-198.28,"-201.61 to -196.14",-13.4,"-13.51 to -13.33",72.67,"72.57 to 72.81","AGCCGGCU"
"2 Tm versus ln[Ct]",-80.94,"-83.57 to -79.17",-216.11,"-223.79 to -210.92",-13.91,"-14.16 to -13.75",72.14,"72.02 to 72.28","AGCCGGCU"
"3 Global fit",-79.78,"-82.1 to -77.64",-212.56,"-219.55 to -206.05",-13.86,"-14.06 to -13.61",72.43,"71.84 to 72.93","AGCCGGCU"
"1 Individual fits",-68.35,"-69.62 to -67.02",-188.84,"-192.78 to -184.75",-9.78,"-9.85 to -9.7",52.46,"52.25 to 52.65","CGAAAGGU/ACCUUUCG"
"2 Tm versus ln[Ct]",-68.12,"-69.76 to -66.84",-188.15,"-193.21 to -184.28",-9.76,"-9.84 to -9.69",52.44,"52.33 to 52.57","CGAAAGGU/ACCUUUCG"
"3 Global fit",-67.31,"-69.2 to -65.99",-185.64,"-191.52 to -181.51",-9.73,"-9.83 to -9.65",52.49,"52.25 to 52.76","CGAAAGGU/ACCUUUCG"
"1 Individual fits",-64.2,"-65.17 to -63.22",-177.72,"-180.77 to -174.61",-9.08,"-9.11 to -9.06",49.83,"49.69 to 49.96","CUGAGUC/GACUCAG"
"2 Tm versus ln[Ct]",-64.27,"-65.36 to -63.29",-177.94,"-181.3 to -174.85",-9.08,"-9.12 to -9.05",49.82,"49.73 to 49.95","CUGAGUC/GACUCAG"
"3 Global fit",-63.39,"-63.99 to -62.76",-175.12,"-176.85 to -173.21",-9.08,"-9.14 to -9.03",49.99,"49.76 to 50.21","CUGAGUC/GACUCAG"
"1 Individual fits",-51.48,"-53.11 to -50",-143.38,"-148.65 to -138.61",-7.01,"-7.07 to -6.94",39.94,"39.46 to 40.29","CGUUGC/GCAACG"
"2 Tm versus ln[Ct]",-48.76,"-52.17 to -46.69",-134.79,"-145.91 to -128.13",-6.96,"-7.01 to -6.89",39.75,"39.25 to 40.19","CGUUGC/GCAACG"
"3 Global fit",-51.58,"-53.94 to -49.84",-143.54,"-150.89 to -137.96",-7.06,"-7.14 to -6.98",40.2,"39.74 to 40.53","CGUUGC/GCAACG"
"1 Individual fits",-83.9,"-88.49 to -80.29",-226.14,"-239.9 to -215.43",-13.76,"-14.09 to -13.48",66.26,"65.94 to 66.69","FAMCGAAAGGU/ACCUUUCGBHQ1"
"2 Tm versus ln[Ct]",-83.49,"-89.06 to -79.14",-224.92,"-241.58 to -211.88",-13.73,"-14.14 to -13.44",66.26,"65.88 to 66.72","FAMCGAAAGGU/ACCUUUCGBHQ1"
"3 Global fit",-80.95,"-84.88 to -78.39",-217.54,"-229.42 to -210.02",-13.47,"-13.75 to -13.26",66.1,"65.56 to 66.59","FAMCGAAAGGU/ACCUUUCGBHQ1"
"1 Individual fits",-75.15,"-77.42 to -73.53",-199.89,"-206.54 to -195.17",-13.15,"-13.39 to -13.01",66.97,"66.82 to 67.19","FAMCUGAGUC/GACUCAGBHQ1"
"2 Tm versus ln[Ct]",-75.19,"-77.48 to -73.33",-200.02,"-206.77 to -194.5",-13.16,"-13.36 to -13",66.97,"66.8 to 67.23","FAMCUGAGUC/GACUCAGBHQ1"
"3 Global fit",-75.3,"-76.97 to -73.02",-200.13,"-205.13 to -193.42",-13.23,"-13.41 to -13.03",67.29,"66.96 to 67.7","FAMCUGAGUC/GACUCAGBHQ1"
"1 Individual fits",-58.43,"-60.81 to -56.08",-155.75,"-163.11 to -148.69",-10.13,"-10.31 to -9.98",57.34,"56.85 to 58.72","FAMCGUUGC/GCAACGBHQ1"
"2 Tm versus ln[Ct]",-62.5,"-68.01 to -52.32",-168.17,"-185.07 to -136.44",-10.34,"-10.67 to -9.91",57.17,"56.55 to 59.07","FAMCGUUGC/GCAACGBHQ1"
"3 Global fit",-59.81,"-61.66 to -56.5",-160.11,"-165.64 to -150.02",-10.16,"-10.3 to -9.94",57,"56.71 to 57.27","FAMCGUUGC/GCAACGBHQ1"
"1 Individual fits",-40.5,"-42 to -39.1",-117.92,"-122.44 to -113.74",-3.94,"-4.05 to -3.84",70.29,"69.93 to 70.7","GCCGUGAGGC"
"2 Tm versus ln[Ct]",NA,"NA to NA",NA,"NA to NA",NA,"NA to NA",NA,"NA to NA","GCCGUGAGGC"
"3 Global fit",-39.57,"-42.39 to -37.97",-115.33,"-123.96 to -110.61",-3.8,"-4.01 to -3.66",70.29,"69.93 to 70.7","GCCGUGAGGC"
"1 Individual fits",-34.97,"-36.74 to -33.29",-105.59,"-111.1 to -100.33",-2.24,"-2.32 to -2.17",58.03,"57.42 to 58.49","GCGGCAACGC"
"2 Tm versus ln[Ct]",NA,"NA to NA",NA,"NA to NA",NA,"NA to NA",NA,"NA to NA","GCGGCAACGC"
"3 Global fit",-36.26,"-40.51 to -34.08",-109.68,"-122.98 to -102.96",-2.25,"-2.4 to -2.14",58.03,"57.42 to 58.49","GCGGCAACGC"
"1 Individual fits",-37.33,"-39.32 to -35.46",-115.71,"-122.3 to -109.66",-1.46,"-1.52 to -1.35",49.52,"47.92 to 50.22","GCUGAAAGGC"
"2 Tm versus ln[Ct]",NA,"NA to NA",NA,"NA to NA",NA,"NA to NA",NA,"NA to NA","GCUGAAAGGC"
"3 Global fit",-37.13,"-40.81 to -34.19",-115.2,"-126.82 to -105.97",-1.4,"-1.5 to -1.28",49.52,"47.92 to 50.22","GCUGAAAGGC"
"1 Individual fits",-35.69,"-38.25 to -33.2",-111.13,"-119.31 to -103.18",-1.24,"-1.28 to -1.2",47.99,"47.45 to 48.52","GCUGAGAGGC"
"2 Tm versus ln[Ct]",NA,"NA to NA",NA,"NA to NA",NA,"NA to NA",NA,"NA to NA","GCUGAGAGGC"
"3 Global fit",-36.39,"-42.17 to -32.07",-113.68,"-132.03 to -99.96",-1.14,"-1.22 to -1.07",47.99,"47.45 to 48.52","GCUGAGAGGC"
"1 Individual fits",-34.16,"-36.57 to -33.02",-100.71,"-107.84 to -97.38",-2.94,"-3.13 to -2.83",66.04,"65.5 to 66.65","GCCUAACGGC"
"2 Tm versus ln[Ct]",NA,"NA to NA",NA,"NA to NA",NA,"NA to NA",NA,"NA to NA","GCCUAACGGC"
"3 Global fit",-31.54,"-33.9 to -28.93",-93.03,"-100.3 to -85.34",-2.68,"-2.8 to -2.46",66.04,"65.5 to 66.65","GCCUAACGGC"
"1 Individual fits",-35.07,"-36.69 to -32.65",-101.87,"-106.59 to -94.8",-3.49,"-3.64 to -3.27",71.11,"70.74 to 71.56","GCCUUUUAGGC"
"2 Tm versus ln[Ct]",NA,"NA to NA",NA,"NA to NA",NA,"NA to NA",NA,"NA to NA","GCCUUUUAGGC"
"3 Global fit",-37.01,"-40.2 to -32.91",-107.79,"-117.05 to -95.91",-3.58,"-3.92 to -3.14",71.11,"70.74 to 71.56","GCCUUUUAGGC"
"1 Individual fits",-33.86,"-35.52 to -31.64",-100.27,"-105.49 to -93.53",-2.78,"-2.88 to -2.65",64.57,"63.48 to 65.79","GGCUAACGGCC"
"2 Tm versus ln[Ct]",NA,"NA to NA",NA,"NA to NA",NA,"NA to NA",NA,"NA to NA","GGCUAACGGCC"
"3 Global fit",-33.75,"-38.22 to -30.54",-99.73,"-113.57 to -89.88",-2.82,"-3 to -2.63",64.57,"63.48 to 65.79","GGCUAACGGCC"
"1 Individual fits",-46.15,"-50.48 to -42.49",-134.06,"-147.2 to -123.26",-4.59,"-4.97 to -4.27",71.09,"69.5 to 71.79","GCCGUUUCGGC"
"2 Tm versus ln[Ct]",NA,"NA to NA",NA,"NA to NA",NA,"NA to NA",NA,"NA to NA","GCCGUUUCGGC"
"3 Global fit",-45.89,"-49.57 to -38.95",-133.82,"-144.28 to -115.09",-4.38,"-4.82 to -3.22",71.09,"69.5 to 71.79","GCCGUUUCGGC"
"1 Individual fits",-36.68,"-37.84 to -35.57",-108.12,"-111.62 to -104.67",-3.16,"-3.26 to -3.08",66.06,"65.22 to 66.9","GGCGAGACGCC"
"2 Tm versus ln[Ct]",NA,"NA to NA",NA,"NA to NA",NA,"NA to NA",NA,"NA to NA","GGCGAGACGCC"
"3 Global fit",-37.17,"-38.67 to -35.32",-110.48,"-115.54 to -104.15",-2.9,"-3.21 to -2.67",66.06,"65.22 to 66.9","GGCGAGACGCC"
"1 Individual fits",-31.03,"-33.65 to -29.09",-92.6,"-100.51 to -86.54",-2.33,"-2.49 to -2.15",61.96,"60.38 to 63.25","GGCAAAAUGCC"
"2 Tm versus ln[Ct]",NA,"NA to NA",NA,"NA to NA",NA,"NA to NA",NA,"NA to NA","GGCAAAAUGCC"
"3 Global fit",-31.95,"-36.1 to -29.03",-95.61,"-108.68 to -86.4",-2.3,"-2.41 to -2.22",61.96,"60.38 to 63.25","GGCAAAAUGCC"
"1 Individual fits",-38.72,"-43 to -34.68",-111.06,"-123.92 to -99.8",-4.29,"-4.72 to -3.81",75.53,"73.85 to 77.73","GGCCACAGGCC"
"2 Tm versus ln[Ct]",NA,"NA to NA",NA,"NA to NA",NA,"NA to NA",NA,"NA to NA","GGCCACAGGCC"
"3 Global fit",-35.07,"-44.14 to -26.46",-100.9,"-126.44 to -76.29",-3.78,"-4.93 to -2.73",75.53,"73.85 to 77.73","GGCCACAGGCC"
"1 Individual fits",-43.51,"-44.84 to -41.64",-128.26,"-132.19 to -122.73",-3.75,"-3.86 to -3.59",66.06,"65.89 to 66.25","GCACUGUUCGUGC"
"2 Tm versus ln[Ct]",NA,"NA to NA",NA,"NA to NA",NA,"NA to NA",NA,"NA to NA","GCACUGUUCGUGC"
"3 Global fit",-42.51,"-45.09 to -40.63",-125.47,"-133.08 to -119.75",-3.59,"-3.83 to -3.39",66.06,"65.89 to 66.25","GCACUGUUCGUGC"
"1 Individual fits",-33.68,"-36.22 to -31.56",-101.73,"-109.15 to -95.59",-2.14,"-2.38 to -1.92",57.87,"56.91 to 58.87","CGAGGUAAGCUCG"
"2 Tm versus ln[Ct]",NA,"NA to NA",NA,"NA to NA",NA,"NA to NA",NA,"NA to NA","CGAGGUAAGCUCG"
"3 Global fit",-35.26,"-38.49 to -33.2",-106.54,"-115.95 to -100.55",-2.21,"-2.52 to -2.02",57.87,"56.91 to 58.87","CGAGGUAAGCUCG"
"1 Individual fits",-37.66,"-38.7 to -36.6",-112.56,"-115.79 to -109.32",-2.77,"-2.83 to -2.71",61.44,"60.86 to 61.86","GACGCUCAACGUC"
"2 Tm versus ln[Ct]",NA,"NA to NA",NA,"NA to NA",NA,"NA to NA",NA,"NA to NA","GACGCUCAACGUC"
"3 Global fit",-37.53,"-40.28 to -34.97",-112.42,"-121.01 to -104.76",-2.66,"-2.8 to -2.47",61.44,"60.86 to 61.86","GACGCUCAACGUC"
"1 Individual fits",-44.35,"-46.04 to -42.81",-132.98,"-137.98 to -128.34",-3.13,"-3.26 to -3.03",60.36,"60.17 to 60.54","CGUGUUCGUCACG"
"2 Tm versus ln[Ct]",NA,"NA to NA",NA,"NA to NA",NA,"NA to NA",NA,"NA to NA","CGUGUUCGUCACG"
"3 Global fit",-45.15,"-46.55 to -41.93",-135.36,"-139.57 to -125.54",-3.17,"-3.27 to -3",60.36,"60.17 to 60.54","CGUGUUCGUCACG"
